{
  "type": "FeatureCollection",
  "generator": "overpass-turbo",
  "copyright": "The data included in this document is from www.openstreetmap.org. The data is made available under ODbL.",
  "timestamp": "2026-07-31T14:25:51Z",
  "features": [
    {
      "type": "Feature",
      "properties": {
        "@id": "way/167275879",
        "dock": "drydock",
        "name": "Dry Dock № 2 (Queen Alexandra Dock)",
        "waterway": "dock"
      },
      "geometry": {
        "type": "Polygon",
        "coordinates": [
          [
            [
              -5.3552198,
              36.1267544
            ],
            [
              -5.355181,
              36.1267135
            ],
            [
              -5.3551613,
              36.1266376
            ],
            [
              -5.3543803,
              36.1258129
            ],
            [
              -5.354348,
              36.1257795
            ],
            [
              -5.3543187,
              36.1257525
            ],
            [
              -5.3542877,
              36.1257282
            ],
            [
              -5.3542605,
              36.1257086
            ],
            [
              -5.3542267,
              36.1256859
            ],
            [
              -5.3541866,
              36.1256613
            ],
            [
              -5.3541462,
              36.1256383
            ],
            [
              -5.3541004,
              36.1256156
            ],
            [
              -5.3540516,
              36.1255936
            ],
            [
              -5.354011,
              36.1255507
            ],
            [
              -5.3539991,
              36.125558
            ],
            [
              -5.3538858,
              36.1254384
            ],
            [
              -5.3538134,
              36.1254299
            ],
            [
              -5.3537577,
              36.1254655
            ],
            [
              -5.3537478,
              36.1255253
            ],
            [
              -5.3538586,
              36.1256422
            ],
            [
              -5.3538464,
              36.1256496
            ],
            [
              -5.3538874,
              36.1256928
            ],
            [
              -5.3539002,
              36.1257362
            ],
            [
              -5.3539218,
              36.125796
            ],
            [
              -5.3539426,
              36.1258405
            ],
            [
              -5.3539646,
              36.12588
            ],
            [
              -5.3539881,
              36.1259182
            ],
            [
              -5.3540112,
              36.1259487
            ],
            [
              -5.3540392,
              36.1259809
            ],
            [
              -5.3540654,
              36.126009
            ],
            [
              -5.3548454,
              36.1268335
            ],
            [
              -5.3549284,
              36.1268692
            ],
            [
              -5.3549665,
              36.1269095
            ],
            [
              -5.3552198,
              36.1267544
            ]
          ]
        ]
      },
      "id": "way/167275879"
    },
    {
      "type": "Feature",
      "properties": {
        "@id": "way/167275880",
        "dock": "drydock",
        "name": "Dry Dock № 3 (King Edward VII Dock)",
        "waterway": "dock"
      },
      "geometry": {
        "type": "Polygon",
        "coordinates": [
          [
            [
              -5.3542349,
              36.127308
            ],
            [
              -5.3542684,
              36.1273434
            ],
            [
              -5.3545217,
              36.1271883
            ],
            [
              -5.3544886,
              36.1271534
            ],
            [
              -5.3544656,
              36.1270774
            ],
            [
              -5.3538074,
              36.1263814
            ],
            [
              -5.3534934,
              36.1265757
            ],
            [
              -5.3541502,
              36.1272701
            ],
            [
              -5.3542349,
              36.127308
            ]
          ]
        ]
      },
      "id": "way/167275880"
    },
    {
      "type": "Feature",
      "properties": {
        "@id": "way/167275881",
        "dock": "drydock",
        "name": "Dry Dock № 1 (King George V and Queen Mary Dock)",
        "waterway": "dock"
      },
      "geometry": {
        "type": "Polygon",
        "coordinates": [
          [
            [
              -5.3560232,
              36.1262323
            ],
            [
              -5.3546011,
              36.124734
            ],
            [
              -5.3545777,
              36.1247123
            ],
            [
              -5.3545418,
              36.1246825
            ],
            [
              -5.3545018,
              36.1246526
            ],
            [
              -5.354454,
              36.1246226
            ],
            [
              -5.3543874,
              36.1245854
            ],
            [
              -5.3542882,
              36.1245352
            ],
            [
              -5.3542141,
              36.1244989
            ],
            [
              -5.3541556,
              36.1244695
            ],
            [
              -5.3541351,
              36.1244459
            ],
            [
              -5.3541234,
              36.1244525
            ],
            [
              -5.3540821,
              36.1244049
            ],
            [
              -5.3540074,
              36.1244471
            ],
            [
              -5.3540412,
              36.1244861
            ],
            [
              -5.3540059,
              36.124506
            ],
            [
              -5.3540103,
              36.1245318
            ],
            [
              -5.3539968,
              36.1245332
            ],
            [
              -5.3540013,
              36.1245572
            ],
            [
              -5.3540083,
              36.1245864
            ],
            [
              -5.3540174,
              36.1246144
            ],
            [
              -5.3540295,
              36.1246435
            ],
            [
              -5.3540438,
              36.1246735
            ],
            [
              -5.3540589,
              36.1247007
            ],
            [
              -5.3540785,
              36.1247324
            ],
            [
              -5.3540993,
              36.1247617
            ],
            [
              -5.3541158,
              36.124783
            ],
            [
              -5.3541404,
              36.1248126
            ],
            [
              -5.3556868,
              36.1264419
            ],
            [
              -5.3560232,
              36.1262323
            ]
          ]
        ]
      },
      "id": "way/167275881"
    },
    {
      "type": "Feature",
      "properties": {
        "@id": "way/206752651",
        "man_made": "pier"
      },
      "geometry": {
        "type": "Polygon",
        "coordinates": [
          [
            [
              -5.4041467,
              36.1760123
            ],
            [
              -5.4040873,
              36.1758826
            ],
            [
              -5.4039538,
              36.1759224
            ],
            [
              -5.4039844,
              36.1759891
            ],
            [
              -5.4040132,
              36.1760521
            ],
            [
              -5.4041467,
              36.1760123
            ]
          ]
        ]
      },
      "id": "way/206752651"
    },
    {
      "type": "Feature",
      "properties": {
        "@id": "way/582339191",
        "area": "yes",
        "description": "Rosia Pier, fishing and swimming activities.",
        "man_made": "pier"
      },
      "geometry": {
        "type": "Polygon",
        "coordinates": [
          [
            [
              -5.3513997,
              36.1192678
            ],
            [
              -5.3513513,
              36.1191969
            ],
            [
              -5.3511197,
              36.1193063
            ],
            [
              -5.3511653,
              36.1193779
            ],
            [
              -5.3513997,
              36.1192678
            ]
          ]
        ]
      },
      "id": "way/582339191"
    },
    {
      "type": "Feature",
      "properties": {
        "@id": "way/657270613",
        "man_made": "pier",
        "name": "Pantalán Evos Algeciras"
      },
      "geometry": {
        "type": "Polygon",
        "coordinates": [
          [
            [
              -5.4280044,
              36.1383962
            ],
            [
              -5.4286256,
              36.1384064
            ],
            [
              -5.4286253,
              36.1384375
            ],
            [
              -5.4287836,
              36.1384384
            ],
            [
              -5.4287838,
              36.138409
            ],
            [
              -5.4291941,
              36.1384157
            ],
            [
              -5.4291939,
              36.1384418
            ],
            [
              -5.4293522,
              36.1384427
            ],
            [
              -5.4293524,
              36.1384183
            ],
            [
              -5.4300963,
              36.1384305
            ],
            [
              -5.4300984,
              36.1383479
            ],
            [
              -5.4293531,
              36.1383356
            ],
            [
              -5.4293538,
              36.1382607
            ],
            [
              -5.4291955,
              36.1382598
            ],
            [
              -5.4291949,
              36.138333
            ],
            [
              -5.4287845,
              36.1383263
            ],
            [
              -5.4287851,
              36.1382564
            ],
            [
              -5.4286269,
              36.1382555
            ],
            [
              -5.4286263,
              36.1383237
            ],
            [
              -5.4280065,
              36.1383135
            ],
            [
              -5.4280119,
              36.1380924
            ],
            [
              -5.4270678,
              36.1380773
            ],
            [
              -5.4270625,
              36.138295
            ],
            [
              -5.4270543,
              36.1386275
            ],
            [
              -5.4279305,
              36.1386415
            ],
            [
              -5.4279984,
              36.1386426
            ],
            [
              -5.4280044,
              36.1383962
            ]
          ]
        ]
      },
      "id": "way/657270613"
    },
    {
      "type": "Feature",
      "properties": {
        "@id": "way/657270616",
        "man_made": "pier",
        "name": "Pantalán Evos Algeciras"
      },
      "geometry": {
        "type": "Polygon",
        "coordinates": [
          [
            [
              -5.42645,
              36.1383777
            ],
            [
              -5.4264509,
              36.138282
            ],
            [
              -5.4264516,
              36.1381958
            ],
            [
              -5.4262934,
              36.1381949
            ],
            [
              -5.4262926,
              36.1382798
            ],
            [
              -5.4262918,
              36.1383768
            ],
            [
              -5.42645,
              36.1383777
            ]
          ]
        ]
      },
      "id": "way/657270616"
    },
    {
      "type": "Feature",
      "properties": {
        "@id": "way/657270617",
        "man_made": "pier",
        "name": "Pantalán Evos Algeciras"
      },
      "geometry": {
        "type": "Polygon",
        "coordinates": [
          [
            [
              -5.4258801,
              36.1383647
            ],
            [
              -5.4258808,
              36.1382733
            ],
            [
              -5.4258816,
              36.1381828
            ],
            [
              -5.4257234,
              36.1381819
            ],
            [
              -5.4257218,
              36.1383638
            ],
            [
              -5.4258801,
              36.1383647
            ]
          ]
        ]
      },
      "id": "way/657270617"
    },
    {
      "type": "Feature",
      "properties": {
        "@id": "way/660456727",
        "dock": "drydock",
        "name": "Dique Seco",
        "waterway": "dock"
      },
      "geometry": {
        "type": "Polygon",
        "coordinates": [
          [
            [
              -5.3818821,
              36.1732418
            ],
            [
              -5.3818198,
              36.1727698
            ],
            [
              -5.3816847,
              36.1727814
            ],
            [
              -5.3774489,
              36.1731455
            ],
            [
              -5.3775113,
              36.1736182
            ],
            [
              -5.3818821,
              36.1732418
            ]
          ]
        ]
      },
      "id": "way/660456727"
    },
    {
      "type": "Feature",
      "properties": {
        "@id": "way/950780422",
        "area": "yes",
        "man_made": "pier"
      },
      "geometry": {
        "type": "Polygon",
        "coordinates": [
          [
            [
              -5.3545754,
              36.1483265
            ],
            [
              -5.3547218,
              36.148356
            ],
            [
              -5.3547708,
              36.1481573
            ],
            [
              -5.3545754,
              36.1483265
            ]
          ]
        ]
      },
      "id": "way/950780422"
    },
    {
      "type": "Feature",
      "properties": {
        "@id": "way/1073409060",
        "area": "yes",
        "man_made": "pier"
      },
      "geometry": {
        "type": "Polygon",
        "coordinates": [
          [
            [
              -5.3530697,
              36.1485077
            ],
            [
              -5.3531305,
              36.1485207
            ],
            [
              -5.353317,
              36.1485607
            ],
            [
              -5.3536818,
              36.1486389
            ],
            [
              -5.3541912,
              36.148748
            ],
            [
              -5.3549645,
              36.1489136
            ],
            [
              -5.3549869,
              36.1489184
            ],
            [
              -5.354971,
              36.1489915
            ],
            [
              -5.3551178,
              36.1490236
            ],
            [
              -5.3551337,
              36.149027
            ],
            [
              -5.355141,
              36.1498811
            ],
            [
              -5.3571169,
              36.1498603
            ],
            [
              -5.3571536,
              36.1498268
            ],
            [
              -5.357156,
              36.1497932
            ],
            [
              -5.3571438,
              36.1497685
            ],
            [
              -5.3571145,
              36.1497517
            ],
            [
              -5.3567941,
              36.1497488
            ],
            [
              -5.3567941,
              36.1494308
            ],
            [
              -5.3559113,
              36.1494387
            ],
            [
              -5.3559076,
              36.1490399
            ],
            [
              -5.3552619,
              36.1489025
            ],
            [
              -5.3550033,
              36.1488474
            ],
            [
              -5.3531933,
              36.1484614
            ],
            [
              -5.3532537,
              36.1482057
            ],
            [
              -5.3532527,
              36.1478092
            ],
            [
              -5.3532206,
              36.1478071
            ],
            [
              -5.3531958,
              36.1478019
            ],
            [
              -5.3531719,
              36.1477912
            ],
            [
              -5.3531512,
              36.1477736
            ],
            [
              -5.3531231,
              36.1477412
            ],
            [
              -5.3530869,
              36.1477052
            ],
            [
              -5.3530619,
              36.1476961
            ],
            [
              -5.3531362,
              36.1478643
            ],
            [
              -5.3531533,
              36.1481547
            ],
            [
              -5.353089,
              36.1484087
            ],
            [
              -5.3530808,
              36.1484739
            ],
            [
              -5.3530697,
              36.1485077
            ]
          ]
        ]
      },
      "id": "way/1073409060"
    },
    {
      "type": "Feature",
      "properties": {
        "@id": "way/1239827924",
        "capacity": "35000",
        "dock": "floating",
        "name": "Dique Flotante",
        "waterway": "dock"
      },
      "geometry": {
        "type": "Polygon",
        "coordinates": [
          [
            [
              -5.3775501,
              36.171021
            ],
            [
              -5.3800854,
              36.1707845
            ],
            [
              -5.380024,
              36.1703546
            ],
            [
              -5.3774886,
              36.1705907
            ],
            [
              -5.3775035,
              36.1706949
            ],
            [
              -5.3775501,
              36.171021
            ]
          ]
        ]
      },
      "id": "way/1239827924"
    },
    {
      "type": "Feature",
      "properties": {
        "@id": "way/1312400773",
        "dock": "wet_dock",
        "name": "Fosa Dique Flotante Exterior Norte",
        "waterway": "dock"
      },
      "geometry": {
        "type": "Polygon",
        "coordinates": [
          [
            [
              -5.3833812,
              36.1744352
            ],
            [
              -5.3833775,
              36.1744111
            ],
            [
              -5.3833712,
              36.1743719
            ],
            [
              -5.3833547,
              36.1743399
            ],
            [
              -5.3833435,
              36.1743263
            ],
            [
              -5.3832891,
              36.1742989
            ],
            [
              -5.3831678,
              36.1742878
            ],
            [
              -5.3818171,
              36.1743879
            ],
            [
              -5.3817771,
              36.174349
            ],
            [
              -5.3817083,
              36.1737767
            ],
            [
              -5.3817537,
              36.1736813
            ],
            [
              -5.3817174,
              36.1736461
            ],
            [
              -5.381663,
              36.1737161
            ],
            [
              -5.3816152,
              36.1738435
            ],
            [
              -5.3816197,
              36.1741275
            ],
            [
              -5.3817213,
              36.1743301
            ],
            [
              -5.3817717,
              36.1744304
            ],
            [
              -5.3805587,
              36.174528
            ],
            [
              -5.3807823,
              36.1750645
            ],
            [
              -5.3808944,
              36.1750502
            ],
            [
              -5.3808439,
              36.1746514
            ],
            [
              -5.3833812,
              36.1744352
            ]
          ]
        ]
      },
      "id": "way/1312400773"
    },
    {
      "type": "Feature",
      "properties": {
        "@id": "way/1335589305",
        "area": "yes",
        "man_made": "pier"
      },
      "geometry": {
        "type": "Polygon",
        "coordinates": [
          [
            [
              -5.3553951,
              36.1325932
            ],
            [
              -5.3554107,
              36.1326293
            ],
            [
              -5.3554439,
              36.1327061
            ],
            [
              -5.3554614,
              36.1327466
            ],
            [
              -5.3554772,
              36.1327833
            ],
            [
              -5.3554926,
              36.1328189
            ],
            [
              -5.3555344,
              36.1328071
            ],
            [
              -5.3556354,
              36.1327786
            ],
            [
              -5.3557306,
              36.1327518
            ],
            [
              -5.3558342,
              36.1327227
            ],
            [
              -5.3558908,
              36.1328537
            ],
            [
              -5.3559228,
              36.1328447
            ],
            [
              -5.3559155,
              36.132828
            ],
            [
              -5.3559101,
              36.1328295
            ],
            [
              -5.355851,
              36.1326925
            ],
            [
              -5.3555116,
              36.132788
            ],
            [
              -5.355424,
              36.132585
            ],
            [
              -5.3553951,
              36.1325932
            ]
          ]
        ]
      },
      "id": "way/1335589305"
    },
    {
      "type": "Feature",
      "properties": {
        "@id": "way/1335589313",
        "area": "yes",
        "man_made": "pier"
      },
      "geometry": {
        "type": "Polygon",
        "coordinates": [
          [
            [
              -5.3560513,
              36.1331454
            ],
            [
              -5.3560203,
              36.1331547
            ],
            [
              -5.3561232,
              36.133391
            ],
            [
              -5.3560977,
              36.1334152
            ],
            [
              -5.3552357,
              36.1336588
            ],
            [
              -5.3552369,
              36.1336617
            ],
            [
              -5.355245,
              36.1336805
            ],
            [
              -5.3552479,
              36.1336873
            ],
            [
              -5.3561143,
              36.1334382
            ],
            [
              -5.3561579,
              36.1333955
            ],
            [
              -5.3560513,
              36.1331454
            ]
          ]
        ]
      },
      "id": "way/1335589313"
    },
    {
      "type": "Feature",
      "properties": {
        "@id": "way/1335589316",
        "area": "yes",
        "man_made": "pier"
      },
      "geometry": {
        "type": "Polygon",
        "coordinates": [
          [
            [
              -5.3551845,
              36.1335407
            ],
            [
              -5.3553632,
              36.1334885
            ],
            [
              -5.355353,
              36.1334657
            ],
            [
              -5.3552271,
              36.1335025
            ],
            [
              -5.3552013,
              36.1334448
            ],
            [
              -5.3553272,
              36.133408
            ],
            [
              -5.3553171,
              36.1333854
            ],
            [
              -5.3551383,
              36.1334377
            ],
            [
              -5.3551652,
              36.1334977
            ],
            [
              -5.3551746,
              36.1335185
            ],
            [
              -5.3551845,
              36.1335407
            ]
          ]
        ]
      },
      "id": "way/1335589316"
    },
    {
      "type": "Feature",
      "properties": {
        "@id": "way/1335589323",
        "area": "yes",
        "man_made": "pier"
      },
      "geometry": {
        "type": "Polygon",
        "coordinates": [
          [
            [
              -5.3548663,
              36.1328822
            ],
            [
              -5.3548672,
              36.1328843
            ],
            [
              -5.354873,
              36.1328982
            ],
            [
              -5.3548743,
              36.1329015
            ],
            [
              -5.3549805,
              36.1328729
            ],
            [
              -5.3548762,
              36.1326203
            ],
            [
              -5.3548545,
              36.1326261
            ],
            [
              -5.3549466,
              36.1328491
            ],
            [
              -5.3549368,
              36.1328632
            ],
            [
              -5.3548663,
              36.1328822
            ]
          ]
        ]
      },
      "id": "way/1335589323"
    },
    {
      "type": "Feature",
      "properties": {
        "@id": "way/1335589325",
        "area": "yes",
        "man_made": "pier"
      },
      "geometry": {
        "type": "Polygon",
        "coordinates": [
          [
            [
              -5.3544218,
              36.1330389
            ],
            [
              -5.3544536,
              36.1330298
            ],
            [
              -5.3544491,
              36.1330195
            ],
            [
              -5.3544424,
              36.1330042
            ],
            [
              -5.3544392,
              36.1329971
            ],
            [
              -5.3544074,
              36.1330062
            ],
            [
              -5.3544218,
              36.1330389
            ]
          ]
        ]
      },
      "id": "way/1335589325"
    },
    {
      "type": "Feature",
      "properties": {
        "@id": "way/1335589326",
        "area": "yes",
        "man_made": "pier"
      },
      "geometry": {
        "type": "Polygon",
        "coordinates": [
          [
            [
              -5.3545618,
              36.1329907
            ],
            [
              -5.3546161,
              36.1329753
            ],
            [
              -5.3545099,
              36.1327306
            ],
            [
              -5.354412,
              36.1325054
            ],
            [
              -5.3542791,
              36.1325431
            ],
            [
              -5.3542891,
              36.1325661
            ],
            [
              -5.3543949,
              36.132536
            ],
            [
              -5.3544745,
              36.1327192
            ],
            [
              -5.3543685,
              36.1327492
            ],
            [
              -5.3543768,
              36.1327683
            ],
            [
              -5.3544829,
              36.1327382
            ],
            [
              -5.3545795,
              36.1329604
            ],
            [
              -5.3545521,
              36.1329682
            ],
            [
              -5.3545539,
              36.1329724
            ],
            [
              -5.3545606,
              36.1329876
            ],
            [
              -5.3545618,
              36.1329907
            ]
          ]
        ]
      },
      "id": "way/1335589326"
    },
    {
      "type": "Feature",
      "properties": {
        "@id": "way/1395991242",
        "area": "yes",
        "man_made": "pier"
      },
      "geometry": {
        "type": "Polygon",
        "coordinates": [
          [
            [
              -5.3943107,
              36.1774283
            ],
            [
              -5.3943061,
              36.1773951
            ],
            [
              -5.3938239,
              36.1774389
            ],
            [
              -5.393838,
              36.1775402
            ],
            [
              -5.3943202,
              36.1774963
            ],
            [
              -5.3943107,
              36.1774283
            ]
          ]
        ]
      },
      "id": "way/1395991242"
    },
    {
      "type": "Feature",
      "properties": {
        "@id": "way/1395991243",
        "area": "yes",
        "man_made": "pier"
      },
      "geometry": {
        "type": "Polygon",
        "coordinates": [
          [
            [
              -5.3980558,
              36.1772063
            ],
            [
              -5.3980979,
              36.1774995
            ],
            [
              -5.3980188,
              36.1775045
            ],
            [
              -5.3980445,
              36.1776952
            ],
            [
              -5.3981297,
              36.1776894
            ],
            [
              -5.3982622,
              36.1786908
            ],
            [
              -5.3974981,
              36.1787637
            ],
            [
              -5.3974909,
              36.1787157
            ],
            [
              -5.3970883,
              36.1787513
            ],
            [
              -5.3970976,
              36.1787985
            ],
            [
              -5.3970288,
              36.1788077
            ],
            [
              -5.3970421,
              36.1789171
            ],
            [
              -5.3978576,
              36.1788458
            ],
            [
              -5.3978535,
              36.1788077
            ],
            [
              -5.3982725,
              36.1787654
            ],
            [
              -5.3983968,
              36.1797751
            ],
            [
              -5.3985292,
              36.1808072
            ],
            [
              -5.3987049,
              36.1807939
            ],
            [
              -5.3985724,
              36.1798273
            ],
            [
              -5.398206,
              36.1771919
            ],
            [
              -5.3988411,
              36.1771312
            ],
            [
              -5.3988437,
              36.1771491
            ],
            [
              -5.3989184,
              36.1771419
            ],
            [
              -5.3989244,
              36.1771489
            ],
            [
              -5.3989703,
              36.1771447
            ],
            [
              -5.3989691,
              36.1771358
            ],
            [
              -5.398984,
              36.1771345
            ],
            [
              -5.398982,
              36.17712
            ],
            [
              -5.3993805,
              36.1770839
            ],
            [
              -5.3993823,
              36.1770964
            ],
            [
              -5.3994175,
              36.1770932
            ],
            [
              -5.3994258,
              36.1771013
            ],
            [
              -5.3995142,
              36.1770937
            ],
            [
              -5.3995128,
              36.1770827
            ],
            [
              -5.3996149,
              36.177074
            ],
            [
              -5.3996161,
              36.1770834
            ],
            [
              -5.3996505,
              36.1770804
            ],
            [
              -5.3996492,
              36.17707
            ],
            [
              -5.3997168,
              36.1770642
            ],
            [
              -5.3997176,
              36.1770701
            ],
            [
              -5.4000095,
              36.1770451
            ],
            [
              -5.4000083,
              36.1770361
            ],
            [
              -5.4000646,
              36.1770313
            ],
            [
              -5.4000659,
              36.1770408
            ],
            [
              -5.4001101,
              36.177037
            ],
            [
              -5.4001088,
              36.1770271
            ],
            [
              -5.4002337,
              36.1770164
            ],
            [
              -5.4002351,
              36.1770268
            ],
            [
              -5.4003072,
              36.1770206
            ],
            [
              -5.4003063,
              36.1770132
            ],
            [
              -5.4003436,
              36.17701
            ],
            [
              -5.4003344,
              36.17694
            ],
            [
              -5.4015375,
              36.1768366
            ],
            [
              -5.401732,
              36.1767727
            ],
            [
              -5.401738,
              36.1767848
            ],
            [
              -5.401873,
              36.1767405
            ],
            [
              -5.4018682,
              36.1767309
            ],
            [
              -5.4022112,
              36.1766183
            ],
            [
              -5.402221,
              36.1766378
            ],
            [
              -5.4023482,
              36.1765961
            ],
            [
              -5.4023395,
              36.1765788
            ],
            [
              -5.4026483,
              36.1764775
            ],
            [
              -5.4027102,
              36.176593
            ],
            [
              -5.4032991,
              36.176409
            ],
            [
              -5.4032173,
              36.1762382
            ],
            [
              -5.4031404,
              36.17607
            ],
            [
              -5.4025412,
              36.1762685
            ],
            [
              -5.4026073,
              36.176396
            ],
            [
              -5.4022979,
              36.1764976
            ],
            [
              -5.4022857,
              36.1764736
            ],
            [
              -5.4021713,
              36.1765111
            ],
            [
              -5.402185,
              36.1765382
            ],
            [
              -5.4018263,
              36.176656
            ],
            [
              -5.4018079,
              36.1766194
            ],
            [
              -5.4016901,
              36.1766581
            ],
            [
              -5.4017042,
              36.1766861
            ],
            [
              -5.4015345,
              36.1767418
            ],
            [
              -5.4015316,
              36.1767207
            ],
            [
              -5.4013847,
              36.1767341
            ],
            [
              -5.4013887,
              36.1767623
            ],
            [
              -5.4009295,
              36.1768042
            ],
            [
              -5.4009256,
              36.1767767
            ],
            [
              -5.4007832,
              36.1767897
            ],
            [
              -5.400787,
              36.1768164
            ],
            [
              -5.4003188,
              36.1768591
            ],
            [
              -5.4003073,
              36.1767773
            ],
            [
              -5.4002806,
              36.1767797
            ],
            [
              -5.4002791,
              36.176769
            ],
            [
              -5.4001963,
              36.1767765
            ],
            [
              -5.4001977,
              36.1767865
            ],
            [
              -5.4000817,
              36.176797
            ],
            [
              -5.4000776,
              36.1767899
            ],
            [
              -5.4000357,
              36.1767939
            ],
            [
              -5.4000371,
              36.1768034
            ],
            [
              -5.3996233,
              36.1768429
            ],
            [
              -5.3996222,
              36.1768356
            ],
            [
              -5.3995364,
              36.1768438
            ],
            [
              -5.3995353,
              36.1768362
            ],
            [
              -5.3993703,
              36.1768519
            ],
            [
              -5.3993718,
              36.1768624
            ],
            [
              -5.3993605,
              36.1768635
            ],
            [
              -5.3993619,
              36.1768733
            ],
            [
              -5.3993507,
              36.1768744
            ],
            [
              -5.3993565,
              36.1769144
            ],
            [
              -5.3989672,
              36.1769513
            ],
            [
              -5.3989644,
              36.1769325
            ],
            [
              -5.3987991,
              36.1769482
            ],
            [
              -5.3988016,
              36.1769652
            ],
            [
              -5.3984296,
              36.1770003
            ],
            [
              -5.3984276,
              36.1769865
            ],
            [
              -5.3982766,
              36.1770008
            ],
            [
              -5.3982789,
              36.1770168
            ],
            [
              -5.3981561,
              36.1770285
            ],
            [
              -5.3981525,
              36.1770037
            ],
            [
              -5.3980648,
              36.1770119
            ],
            [
              -5.398069,
              36.1770405
            ],
            [
              -5.3974776,
              36.1770965
            ],
            [
              -5.3974721,
              36.1770587
            ],
            [
              -5.3973968,
              36.1770658
            ],
            [
              -5.3974018,
              36.1771005
            ],
            [
              -5.396825,
              36.1771552
            ],
            [
              -5.3968144,
              36.1770821
            ],
            [
              -5.3958026,
              36.177178
            ],
            [
              -5.3958142,
              36.1772581
            ],
            [
              -5.3950171,
              36.1773337
            ],
            [
              -5.3950124,
              36.1773011
            ],
            [
              -5.3949564,
              36.1773065
            ],
            [
              -5.394961,
              36.1773374
            ],
            [
              -5.3945583,
              36.1773758
            ],
            [
              -5.3945801,
              36.1775249
            ],
            [
              -5.3951037,
              36.177475
            ],
            [
              -5.3950974,
              36.1774319
            ],
            [
              -5.3961717,
              36.1773294
            ],
            [
              -5.3961802,
              36.177387
            ],
            [
              -5.396823,
              36.1773256
            ],
            [
              -5.3968149,
              36.1772707
            ],
            [
              -5.3980217,
              36.1771553
            ],
            [
              -5.3980295,
              36.1772088
            ],
            [
              -5.3980558,
              36.1772063
            ]
          ]
        ]
      },
      "id": "way/1395991243"
    },
    {
      "type": "Feature",
      "properties": {
        "@id": "way/1413287666",
        "area": "yes",
        "man_made": "pier",
        "name": "Muelle 15 (Yates)"
      },
      "geometry": {
        "type": "Polygon",
        "coordinates": [
          [
            [
              -5.3591118,
              36.1574072
            ],
            [
              -5.3590711,
              36.157332
            ],
            [
              -5.3581214,
              36.1576844
            ],
            [
              -5.3580052,
              36.1574796
            ],
            [
              -5.3579586,
              36.1574968
            ],
            [
              -5.3582577,
              36.1580226
            ],
            [
              -5.3583025,
              36.1580059
            ],
            [
              -5.3581645,
              36.1577597
            ],
            [
              -5.3591118,
              36.1574072
            ]
          ]
        ]
      },
      "id": "way/1413287666"
    },
    {
      "type": "Feature",
      "properties": {
        "@id": "way/1413287667",
        "area": "yes",
        "man_made": "pier",
        "name": "Muelle 14"
      },
      "geometry": {
        "type": "Polygon",
        "coordinates": [
          [
            [
              -5.3586275,
              36.1565676
            ],
            [
              -5.3586096,
              36.1565409
            ],
            [
              -5.357417,
              36.1569874
            ],
            [
              -5.3573495,
              36.1568697
            ],
            [
              -5.3573249,
              36.156878
            ],
            [
              -5.3574979,
              36.1571812
            ],
            [
              -5.3575216,
              36.1571718
            ],
            [
              -5.3574331,
              36.1570133
            ],
            [
              -5.3586275,
              36.1565676
            ]
          ]
        ]
      },
      "id": "way/1413287667"
    },
    {
      "type": "Feature",
      "properties": {
        "@id": "way/1413287668",
        "area": "yes",
        "man_made": "pier",
        "name": "Muelle 9"
      },
      "geometry": {
        "type": "Polygon",
        "coordinates": [
          [
            [
              -5.3576633,
              36.1582889
            ],
            [
              -5.3576888,
              36.1582799
            ],
            [
              -5.3575739,
              36.1580788
            ],
            [
              -5.3575484,
              36.1580875
            ],
            [
              -5.3576011,
              36.158177
            ],
            [
              -5.3574961,
              36.1582142
            ],
            [
              -5.3574795,
              36.1582066
            ],
            [
              -5.3574326,
              36.1581279
            ],
            [
              -5.357417,
              36.1581344
            ],
            [
              -5.3574639,
              36.1582113
            ],
            [
              -5.357463,
              36.1582257
            ],
            [
              -5.3573727,
              36.1582589
            ],
            [
              -5.3573597,
              36.1582517
            ],
            [
              -5.3573141,
              36.1581712
            ],
            [
              -5.3573012,
              36.1581759
            ],
            [
              -5.3573472,
              36.1582557
            ],
            [
              -5.3573472,
              36.1582694
            ],
            [
              -5.3572516,
              36.1583019
            ],
            [
              -5.3572373,
              36.1582965
            ],
            [
              -5.3571917,
              36.1582167
            ],
            [
              -5.3571787,
              36.1582214
            ],
            [
              -5.3572252,
              36.1583001
            ],
            [
              -5.3572234,
              36.1583134
            ],
            [
              -5.3571304,
              36.1583474
            ],
            [
              -5.3571148,
              36.1583398
            ],
            [
              -5.3570701,
              36.15826
            ],
            [
              -5.3570553,
              36.1582647
            ],
            [
              -5.357104,
              36.1583448
            ],
            [
              -5.357104,
              36.1583564
            ],
            [
              -5.3570084,
              36.1583914
            ],
            [
              -5.3569954,
              36.158386
            ],
            [
              -5.356948,
              36.1583041
            ],
            [
              -5.3569364,
              36.1583073
            ],
            [
              -5.3569829,
              36.1583903
            ],
            [
              -5.356982,
              36.1584033
            ],
            [
              -5.3568877,
              36.1584362
            ],
            [
              -5.3568729,
              36.1584275
            ],
            [
              -5.35683,
              36.1583503
            ],
            [
              -5.3568144,
              36.1583553
            ],
            [
              -5.3568613,
              36.1584318
            ],
            [
              -5.3568595,
              36.158447
            ],
            [
              -5.3567643,
              36.1584824
            ],
            [
              -5.35675,
              36.1584751
            ],
            [
              -5.3567062,
              36.1583914
            ],
            [
              -5.3566923,
              36.1583961
            ],
            [
              -5.3567393,
              36.1584798
            ],
            [
              -5.3567388,
              36.1584932
            ],
            [
              -5.3566463,
              36.1585257
            ],
            [
              -5.3566315,
              36.1585181
            ],
            [
              -5.3565864,
              36.1584322
            ],
            [
              -5.3565721,
              36.1584369
            ],
            [
              -5.3566186,
              36.1585224
            ],
            [
              -5.3566186,
              36.1585354
            ],
            [
              -5.3565189,
              36.1585704
            ],
            [
              -5.3565081,
              36.1585628
            ],
            [
              -5.356463,
              36.1584798
            ],
            [
              -5.3564496,
              36.1584842
            ],
            [
              -5.3564965,
              36.1585679
            ],
            [
              -5.3564961,
              36.1585813
            ],
            [
              -5.3563986,
              36.1586155
            ],
            [
              -5.3563897,
              36.158609
            ],
            [
              -5.3563427,
              36.1585264
            ],
            [
              -5.3563284,
              36.1585314
            ],
            [
              -5.356374,
              36.1586141
            ],
            [
              -5.3563745,
              36.1586256
            ],
            [
              -5.356277,
              36.1586585
            ],
            [
              -5.3562658,
              36.1586516
            ],
            [
              -5.3562211,
              36.1585708
            ],
            [
              -5.3562073,
              36.1585762
            ],
            [
              -5.3562529,
              36.1586563
            ],
            [
              -5.3562524,
              36.15867
            ],
            [
              -5.3562301,
              36.1586791
            ],
            [
              -5.3562457,
              36.1587058
            ],
            [
              -5.3576123,
              36.1581976
            ],
            [
              -5.3576633,
              36.1582889
            ]
          ]
        ]
      },
      "id": "way/1413287668"
    },
    {
      "type": "Feature",
      "properties": {
        "@id": "way/1416621569",
        "area": "yes",
        "man_made": "pier",
        "name": "Muelle 10"
      },
      "geometry": {
        "type": "Polygon",
        "coordinates": [
          [
            [
              -5.3574071,
              36.1578293
            ],
            [
              -5.3574302,
              36.1578214
            ],
            [
              -5.3573107,
              36.1576154
            ],
            [
              -5.3572892,
              36.1576226
            ],
            [
              -5.357342,
              36.157715
            ],
            [
              -5.3572338,
              36.1577562
            ],
            [
              -5.3572181,
              36.1577471
            ],
            [
              -5.357169,
              36.1576656
            ],
            [
              -5.3571551,
              36.1576703
            ],
            [
              -5.3572074,
              36.15775
            ],
            [
              -5.3572074,
              36.1577666
            ],
            [
              -5.3571149,
              36.1578013
            ],
            [
              -5.3571001,
              36.1577919
            ],
            [
              -5.3570545,
              36.1577089
            ],
            [
              -5.3570407,
              36.1577121
            ],
            [
              -5.3570881,
              36.1577959
            ],
            [
              -5.3570881,
              36.1578096
            ],
            [
              -5.3569897,
              36.1578449
            ],
            [
              -5.3569772,
              36.1578381
            ],
            [
              -5.3569338,
              36.1577576
            ],
            [
              -5.3569204,
              36.1577623
            ],
            [
              -5.3569665,
              36.1578413
            ],
            [
              -5.3569665,
              36.1578511
            ],
            [
              -5.3568677,
              36.1578861
            ],
            [
              -5.3568565,
              36.1578803
            ],
            [
              -5.3568145,
              36.1578016
            ],
            [
              -5.3567988,
              36.157806
            ],
            [
              -5.3568435,
              36.1578846
            ],
            [
              -5.356844,
              36.1578966
            ],
            [
              -5.356747,
              36.1579327
            ],
            [
              -5.35673,
              36.157924
            ],
            [
              -5.3566902,
              36.1578478
            ],
            [
              -5.3566777,
              36.1578522
            ],
            [
              -5.3567215,
              36.1579287
            ],
            [
              -5.3567215,
              36.1579424
            ],
            [
              -5.3566249,
              36.1579778
            ],
            [
              -5.3566124,
              36.1579709
            ],
            [
              -5.3565659,
              36.1578893
            ],
            [
              -5.3565556,
              36.157893
            ],
            [
              -5.356603,
              36.1579734
            ],
            [
              -5.3566017,
              36.1579893
            ],
            [
              -5.356506,
              36.1580225
            ],
            [
              -5.3564926,
              36.158016
            ],
            [
              -5.3564492,
              36.1579363
            ],
            [
              -5.3564305,
              36.1579424
            ],
            [
              -5.3564792,
              36.1580204
            ],
            [
              -5.3564783,
              36.1580312
            ],
            [
              -5.3563799,
              36.1580655
            ],
            [
              -5.3563701,
              36.1580604
            ],
            [
              -5.3563259,
              36.1579803
            ],
            [
              -5.3563133,
              36.1579843
            ],
            [
              -5.3563598,
              36.1580655
            ],
            [
              -5.3563598,
              36.1580752
            ],
            [
              -5.356257,
              36.1581102
            ],
            [
              -5.3562481,
              36.1581041
            ],
            [
              -5.3562056,
              36.1580265
            ],
            [
              -5.356194,
              36.1580308
            ],
            [
              -5.3562378,
              36.1581088
            ],
            [
              -5.3562382,
              36.1581232
            ],
            [
              -5.3562342,
              36.1581286
            ],
            [
              -5.3561488,
              36.1581615
            ],
            [
              -5.3561385,
              36.1581593
            ],
            [
              -5.3561287,
              36.1581503
            ],
            [
              -5.3560836,
              36.1580684
            ],
            [
              -5.3560688,
              36.1580734
            ],
            [
              -5.3561166,
              36.1581546
            ],
            [
              -5.3561184,
              36.1581629
            ],
            [
              -5.3561175,
              36.158173
            ],
            [
              -5.3560259,
              36.1582048
            ],
            [
              -5.3560178,
              36.1582048
            ],
            [
              -5.3560071,
              36.1581911
            ],
            [
              -5.355962,
              36.1581124
            ],
            [
              -5.3559486,
              36.1581178
            ],
            [
              -5.3559951,
              36.1582008
            ],
            [
              -5.3559951,
              36.1582138
            ],
            [
              -5.3559673,
              36.1582228
            ],
            [
              -5.3559825,
              36.1582459
            ],
            [
              -5.3560085,
              36.1582369
            ],
            [
              -5.3560205,
              36.1582452
            ],
            [
              -5.3560666,
              36.1583304
            ],
            [
              -5.3560831,
              36.1583253
            ],
            [
              -5.3560317,
              36.1582413
            ],
            [
              -5.3560348,
              36.1582275
            ],
            [
              -5.3561301,
              36.1581929
            ],
            [
              -5.3561412,
              36.1581997
            ],
            [
              -5.3561859,
              36.1582885
            ],
            [
              -5.3562047,
              36.158282
            ],
            [
              -5.3561555,
              36.1581965
            ],
            [
              -5.3561555,
              36.1581835
            ],
            [
              -5.356249,
              36.158151
            ],
            [
              -5.3562619,
              36.1581557
            ],
            [
              -5.3563111,
              36.1582398
            ],
            [
              -5.3563263,
              36.1582337
            ],
            [
              -5.3562771,
              36.1581532
            ],
            [
              -5.3562771,
              36.1581391
            ],
            [
              -5.3563692,
              36.1581055
            ],
            [
              -5.3563835,
              36.1581088
            ],
            [
              -5.3564247,
              36.1581882
            ],
            [
              -5.3564416,
              36.1581824
            ],
            [
              -5.356396,
              36.1581055
            ],
            [
              -5.3563983,
              36.1580954
            ],
            [
              -5.3564922,
              36.1580601
            ],
            [
              -5.356506,
              36.1580662
            ],
            [
              -5.3565494,
              36.1581485
            ],
            [
              -5.3565668,
              36.1581424
            ],
            [
              -5.3565203,
              36.1580633
            ],
            [
              -5.3565199,
              36.1580507
            ],
            [
              -5.3566137,
              36.1580157
            ],
            [
              -5.3566279,
              36.1580225
            ],
            [
              -5.3566719,
              36.1581068
            ],
            [
              -5.3566892,
              36.158101
            ],
            [
              -5.3566414,
              36.1580182
            ],
            [
              -5.3566414,
              36.1580061
            ],
            [
              -5.3567336,
              36.15797
            ],
            [
              -5.3567468,
              36.1579769
            ],
            [
              -5.3567946,
              36.1580622
            ],
            [
              -5.3568085,
              36.158057
            ],
            [
              -5.3567614,
              36.1579719
            ],
            [
              -5.3567614,
              36.1579593
            ],
            [
              -5.3568566,
              36.1579254
            ],
            [
              -5.3568701,
              36.1579323
            ],
            [
              -5.3569169,
              36.158016
            ],
            [
              -5.3569304,
              36.1580116
            ],
            [
              -5.356883,
              36.1579282
            ],
            [
              -5.3568827,
              36.157915
            ],
            [
              -5.3569775,
              36.15788
            ],
            [
              -5.3569907,
              36.1578888
            ],
            [
              -5.3570361,
              36.1579708
            ],
            [
              -5.3570517,
              36.1579656
            ],
            [
              -5.357005,
              36.1578833
            ],
            [
              -5.3570043,
              36.1578707
            ],
            [
              -5.3571002,
              36.1578349
            ],
            [
              -5.357112,
              36.1578439
            ],
            [
              -5.3571608,
              36.1579265
            ],
            [
              -5.3571727,
              36.1579219
            ],
            [
              -5.3571276,
              36.1578393
            ],
            [
              -5.3571273,
              36.157825
            ],
            [
              -5.357217,
              36.1577919
            ],
            [
              -5.3572238,
              36.1577914
            ],
            [
              -5.3572333,
              36.1577977
            ],
            [
              -5.3572719,
              36.1578609
            ],
            [
              -5.3572655,
              36.1578636
            ],
            [
              -5.3572692,
              36.1578713
            ],
            [
              -5.3572763,
              36.1578691
            ],
            [
              -5.3572787,
              36.1578756
            ],
            [
              -5.3572909,
              36.1578726
            ],
            [
              -5.3572872,
              36.1578663
            ],
            [
              -5.3572939,
              36.1578642
            ],
            [
              -5.3572895,
              36.1578543
            ],
            [
              -5.3572838,
              36.1578562
            ],
            [
              -5.3572479,
              36.1577928
            ],
            [
              -5.3572472,
              36.1577813
            ],
            [
              -5.3573566,
              36.1577389
            ],
            [
              -5.3574071,
              36.1578293
            ]
          ]
        ]
      },
      "id": "way/1416621569"
    },
    {
      "type": "Feature",
      "properties": {
        "@id": "way/1480413442",
        "area": "yes",
        "floating": "yes",
        "man_made": "pier"
      },
      "geometry": {
        "type": "Polygon",
        "coordinates": [
          [
            [
              -5.3543118,
              36.1467865
            ],
            [
              -5.3542861,
              36.1468165
            ],
            [
              -5.3542745,
              36.14683
            ],
            [
              -5.354263,
              36.1468435
            ],
            [
              -5.3542567,
              36.1468381
            ],
            [
              -5.3541545,
              36.1469597
            ],
            [
              -5.3541276,
              36.1469916
            ],
            [
              -5.3541066,
              36.1470166
            ],
            [
              -5.35367,
              36.1475356
            ],
            [
              -5.3541064,
              36.1478455
            ],
            [
              -5.3540485,
              36.1477333
            ],
            [
              -5.3538794,
              36.1473491
            ],
            [
              -5.3542339,
              36.1476632
            ],
            [
              -5.3541388,
              36.1471709
            ],
            [
              -5.3541295,
              36.1471427
            ],
            [
              -5.3542304,
              36.1472304
            ],
            [
              -5.3542492,
              36.1472158
            ],
            [
              -5.3543685,
              36.1473199
            ],
            [
              -5.3543912,
              36.1473027
            ],
            [
              -5.3544586,
              36.1473629
            ],
            [
              -5.3544725,
              36.1473535
            ],
            [
              -5.3544514,
              36.1473159
            ],
            [
              -5.3544203,
              36.1472481
            ],
            [
              -5.354374,
              36.14711
            ],
            [
              -5.3543114,
              36.1469231
            ],
            [
              -5.3543177,
              36.1469217
            ],
            [
              -5.3543239,
              36.1469203
            ],
            [
              -5.3543114,
              36.1468852
            ],
            [
              -5.3543192,
              36.1468723
            ],
            [
              -5.354371,
              36.1468315
            ],
            [
              -5.3544421,
              36.1468918
            ],
            [
              -5.3543643,
              36.1469523
            ],
            [
              -5.3544054,
              36.1469868
            ],
            [
              -5.3545526,
              36.1471107
            ],
            [
              -5.3546238,
              36.1470555
            ],
            [
              -5.3546641,
              36.1470893
            ],
            [
              -5.3545927,
              36.1471446
            ],
            [
              -5.3547399,
              36.1472684
            ],
            [
              -5.3547911,
              36.1472287
            ],
            [
              -5.3548029,
              36.1472387
            ],
            [
              -5.3548097,
              36.1472444
            ],
            [
              -5.3548157,
              36.1472495
            ],
            [
              -5.3548282,
              36.1472601
            ],
            [
              -5.3547714,
              36.1473044
            ],
            [
              -5.3548466,
              36.1473674
            ],
            [
              -5.3549148,
              36.1473144
            ],
            [
              -5.3549272,
              36.1473047
            ],
            [
              -5.3557347,
              36.1479915
            ],
            [
              -5.355753,
              36.148007
            ],
            [
              -5.355784,
              36.1479826
            ],
            [
              -5.3557748,
              36.1479748
            ],
            [
              -5.3557657,
              36.147967
            ],
            [
              -5.3557541,
              36.1479758
            ],
            [
              -5.3543686,
              36.1467897
            ],
            [
              -5.3543328,
              36.1467779
            ],
            [
              -5.3543118,
              36.1467865
            ]
          ]
        ]
      },
      "id": "way/1480413442"
    },
    {
      "type": "Feature",
      "properties": {
        "@id": "way/1480423951",
        "area": "yes",
        "floating": "yes",
        "man_made": "pier"
      },
      "geometry": {
        "type": "Polygon",
        "coordinates": [
          [
            [
              -5.3554231,
              36.1482225
            ],
            [
              -5.3554425,
              36.1482081
            ],
            [
              -5.3548516,
              36.1476906
            ],
            [
              -5.3551028,
              36.1475036
            ],
            [
              -5.3550977,
              36.1474992
            ],
            [
              -5.3550899,
              36.1474924
            ],
            [
              -5.3550849,
              36.147488
            ],
            [
              -5.3548144,
              36.1476894
            ],
            [
              -5.3554231,
              36.1482225
            ]
          ]
        ]
      },
      "id": "way/1480423951"
    },
    {
      "type": "Feature",
      "properties": {
        "@id": "way/1480423952",
        "area": "yes",
        "floating": "yes",
        "man_made": "pier"
      },
      "geometry": {
        "type": "Polygon",
        "coordinates": [
          [
            [
              -5.354782,
              36.1472848
            ],
            [
              -5.3547763,
              36.1472799
            ],
            [
              -5.3547636,
              36.1472688
            ],
            [
              -5.3547572,
              36.1472631
            ],
            [
              -5.3547396,
              36.1472772
            ],
            [
              -5.3545836,
              36.1471453
            ],
            [
              -5.3546519,
              36.1470925
            ],
            [
              -5.3546195,
              36.1470652
            ],
            [
              -5.3545513,
              36.1471179
            ],
            [
              -5.354401,
              36.1469907
            ],
            [
              -5.3543698,
              36.1470148
            ],
            [
              -5.3543544,
              36.1469717
            ],
            [
              -5.3543313,
              36.1469774
            ],
            [
              -5.3544327,
              36.1472573
            ],
            [
              -5.3544827,
              36.1473584
            ],
            [
              -5.3544403,
              36.1473886
            ],
            [
              -5.354248,
              36.1472206
            ],
            [
              -5.3542321,
              36.1472331
            ],
            [
              -5.3544396,
              36.1474158
            ],
            [
              -5.354463,
              36.147399
            ],
            [
              -5.354543,
              36.1473416
            ],
            [
              -5.3545762,
              36.1473178
            ],
            [
              -5.3545606,
              36.1473039
            ],
            [
              -5.3545151,
              36.1473359
            ],
            [
              -5.3545001,
              36.1473399
            ],
            [
              -5.3544534,
              36.1472483
            ],
            [
              -5.3543766,
              36.1470337
            ],
            [
              -5.3543939,
              36.14702
            ],
            [
              -5.3548408,
              36.147399
            ],
            [
              -5.3549262,
              36.1473322
            ],
            [
              -5.3549615,
              36.1473623
            ],
            [
              -5.3551028,
              36.1474826
            ],
            [
              -5.3551109,
              36.1474894
            ],
            [
              -5.3557168,
              36.1480052
            ],
            [
              -5.3557347,
              36.1479915
            ],
            [
              -5.3549272,
              36.1473047
            ],
            [
              -5.3549148,
              36.1473144
            ],
            [
              -5.3548466,
              36.1473674
            ],
            [
              -5.3548434,
              36.14737
            ],
            [
              -5.3547615,
              36.1473009
            ],
            [
              -5.354782,
              36.1472848
            ]
          ]
        ]
      },
      "id": "way/1480423952"
    },
    {
      "type": "Feature",
      "properties": {
        "@id": "way/1514049493",
        "area": "yes",
        "floating": "yes",
        "man_made": "pier"
      },
      "geometry": {
        "type": "Polygon",
        "coordinates": [
          [
            [
              -5.3643104,
              36.1366994
            ],
            [
              -5.3645131,
              36.1366376
            ],
            [
              -5.3642373,
              36.1360479
            ],
            [
              -5.3640344,
              36.1361098
            ],
            [
              -5.3643104,
              36.1366994
            ]
          ]
        ]
      },
      "id": "way/1514049493"
    },
    {
      "type": "Feature",
      "properties": {
        "@id": "way/1530383147",
        "area": "yes",
        "man_made": "pier"
      },
      "geometry": {
        "type": "Polygon",
        "coordinates": [
          [
            [
              -5.3571485,
              36.1573732
            ],
            [
              -5.3571697,
              36.1573656
            ],
            [
              -5.3570535,
              36.1571632
            ],
            [
              -5.35703,
              36.1571713
            ],
            [
              -5.3570777,
              36.1572613
            ],
            [
              -5.3569993,
              36.1572894
            ],
            [
              -5.3569869,
              36.1572823
            ],
            [
              -5.3569527,
              36.1572175
            ],
            [
              -5.3569438,
              36.1572223
            ],
            [
              -5.3569769,
              36.1572851
            ],
            [
              -5.3569757,
              36.1572989
            ],
            [
              -5.3568925,
              36.1573275
            ],
            [
              -5.35685,
              36.1572513
            ],
            [
              -5.3568418,
              36.1572547
            ],
            [
              -5.3568807,
              36.1573309
            ],
            [
              -5.3568058,
              36.157359
            ],
            [
              -5.3567928,
              36.1573537
            ],
            [
              -5.356758,
              36.157288
            ],
            [
              -5.3567445,
              36.1572923
            ],
            [
              -5.3567793,
              36.1573571
            ],
            [
              -5.3567793,
              36.157369
            ],
            [
              -5.3567126,
              36.1573961
            ],
            [
              -5.3566943,
              36.1573866
            ],
            [
              -5.3566583,
              36.1573228
            ],
            [
              -5.3566459,
              36.157327
            ],
            [
              -5.3566849,
              36.1573918
            ],
            [
              -5.3566825,
              36.1574056
            ],
            [
              -5.3566132,
              36.1574315
            ],
            [
              -5.3565996,
              36.1574266
            ],
            [
              -5.3565637,
              36.1573604
            ],
            [
              -5.3565488,
              36.1573659
            ],
            [
              -5.3565854,
              36.1574299
            ],
            [
              -5.3565861,
              36.1574446
            ],
            [
              -5.3565163,
              36.1574682
            ],
            [
              -5.356502,
              36.1574616
            ],
            [
              -5.3564641,
              36.1573976
            ],
            [
              -5.3564526,
              36.1574014
            ],
            [
              -5.3564892,
              36.1574649
            ],
            [
              -5.3564898,
              36.1574791
            ],
            [
              -5.3564099,
              36.1575081
            ],
            [
              -5.3564024,
              36.1575005
            ],
            [
              -5.3563631,
              36.1574337
            ],
            [
              -5.356353,
              36.157437
            ],
            [
              -5.3563902,
              36.1575048
            ],
            [
              -5.3563916,
              36.1575174
            ],
            [
              -5.3563252,
              36.1575409
            ],
            [
              -5.3563042,
              36.1575311
            ],
            [
              -5.3562717,
              36.1574704
            ],
            [
              -5.3562588,
              36.1574742
            ],
            [
              -5.356292,
              36.1575333
            ],
            [
              -5.356292,
              36.1575508
            ],
            [
              -5.3562202,
              36.1575776
            ],
            [
              -5.356208,
              36.1575694
            ],
            [
              -5.3561721,
              36.1575059
            ],
            [
              -5.3561612,
              36.1575076
            ],
            [
              -5.3561964,
              36.1575749
            ],
            [
              -5.3561964,
              36.1575874
            ],
            [
              -5.3561267,
              36.1576115
            ],
            [
              -5.3561124,
              36.157606
            ],
            [
              -5.3560772,
              36.1575437
            ],
            [
              -5.3560589,
              36.1575508
            ],
            [
              -5.3560996,
              36.1576104
            ],
            [
              -5.3560948,
              36.1576252
            ],
            [
              -5.3560284,
              36.1576487
            ],
            [
              -5.3560155,
              36.1576454
            ],
            [
              -5.3559769,
              36.1575787
            ],
            [
              -5.3559667,
              36.157582
            ],
            [
              -5.3560027,
              36.1576498
            ],
            [
              -5.3560013,
              36.1576575
            ],
            [
              -5.3559308,
              36.1576832
            ],
            [
              -5.355918,
              36.1576777
            ],
            [
              -5.3558834,
              36.1576131
            ],
            [
              -5.3558705,
              36.1576186
            ],
            [
              -5.3559037,
              36.1576821
            ],
            [
              -5.3559044,
              36.1576936
            ],
            [
              -5.3558367,
              36.1577209
            ],
            [
              -5.3558204,
              36.1577116
            ],
            [
              -5.3557858,
              36.1576476
            ],
            [
              -5.3557743,
              36.1576536
            ],
            [
              -5.3558075,
              36.1577171
            ],
            [
              -5.3558075,
              36.1577297
            ],
            [
              -5.3557357,
              36.1577537
            ],
            [
              -5.3557228,
              36.1577461
            ],
            [
              -5.3556889,
              36.1576826
            ],
            [
              -5.3556801,
              36.1576859
            ],
            [
              -5.3557133,
              36.1577521
            ],
            [
              -5.3557133,
              36.1577636
            ],
            [
              -5.3557276,
              36.1577882
            ],
            [
              -5.355754,
              36.1577827
            ],
            [
              -5.3557614,
              36.1577899
            ],
            [
              -5.3558068,
              36.1578708
            ],
            [
              -5.3558211,
              36.1578664
            ],
            [
              -5.3557757,
              36.157786
            ],
            [
              -5.3557757,
              36.1577713
            ],
            [
              -5.3558678,
              36.1577379
            ],
            [
              -5.3558793,
              36.1577472
            ],
            [
              -5.3559241,
              36.1578276
            ],
            [
              -5.3559383,
              36.1578221
            ],
            [
              -5.3558942,
              36.1577417
            ],
            [
              -5.3558942,
              36.1577242
            ],
            [
              -5.3559918,
              36.1576903
            ],
            [
              -5.356006,
              36.1576996
            ],
            [
              -5.3560453,
              36.1577806
            ],
            [
              -5.3560589,
              36.1577745
            ],
            [
              -5.3560155,
              36.1576941
            ],
            [
              -5.3560203,
              36.1576815
            ],
            [
              -5.3561057,
              36.1576493
            ],
            [
              -5.3561212,
              36.1576597
            ],
            [
              -5.3561646,
              36.1577362
            ],
            [
              -5.3561802,
              36.1577308
            ],
            [
              -5.3561368,
              36.1576547
            ],
            [
              -5.3561368,
              36.1576378
            ],
            [
              -5.3562324,
              36.1576028
            ],
            [
              -5.3562432,
              36.1576082
            ],
            [
              -5.356292,
              36.1576936
            ],
            [
              -5.3563096,
              36.1576859
            ],
            [
              -5.3562601,
              36.1576071
            ],
            [
              -5.3562581,
              36.1575929
            ],
            [
              -5.356355,
              36.1575568
            ],
            [
              -5.3563652,
              36.1575645
            ],
            [
              -5.3564133,
              36.1576487
            ],
            [
              -5.3564295,
              36.1576438
            ],
            [
              -5.3563794,
              36.1575612
            ],
            [
              -5.3563794,
              36.1575486
            ],
            [
              -5.3564756,
              36.1575125
            ],
            [
              -5.3564932,
              36.1575234
            ],
            [
              -5.3565318,
              36.1576028
            ],
            [
              -5.356544,
              36.1575978
            ],
            [
              -5.3565007,
              36.1575196
            ],
            [
              -5.356502,
              36.1575059
            ],
            [
              -5.3565989,
              36.1574676
            ],
            [
              -5.3566104,
              36.1574775
            ],
            [
              -5.3566552,
              36.1575606
            ],
            [
              -5.356668,
              36.1575557
            ],
            [
              -5.356624,
              36.1574726
            ],
            [
              -5.3566233,
              36.157455
            ],
            [
              -5.3567175,
              36.1574211
            ],
            [
              -5.3567351,
              36.1574337
            ],
            [
              -5.3567792,
              36.1575147
            ],
            [
              -5.356792,
              36.1575092
            ],
            [
              -5.356746,
              36.1574288
            ],
            [
              -5.3567426,
              36.1574135
            ],
            [
              -5.3568408,
              36.1573752
            ],
            [
              -5.3568544,
              36.1573878
            ],
            [
              -5.3569011,
              36.1574671
            ],
            [
              -5.356914,
              36.1574638
            ],
            [
              -5.3568659,
              36.1573834
            ],
            [
              -5.3568659,
              36.1573686
            ],
            [
              -5.3569635,
              36.1573358
            ],
            [
              -5.356973,
              36.1573434
            ],
            [
              -5.3570183,
              36.1574228
            ],
            [
              -5.3570346,
              36.1574162
            ],
            [
              -5.3569865,
              36.1573396
            ],
            [
              -5.3569858,
              36.1573216
            ],
            [
              -5.3570949,
              36.1572816
            ],
            [
              -5.3571485,
              36.1573732
            ]
          ]
        ]
      },
      "id": "way/1530383147"
    },
    {
      "type": "Feature",
      "properties": {
        "@id": "way/22408301",
        "floating": "yes",
        "layer": "1",
        "man_made": "pier",
        "mooring": "yes",
        "source": "Digital Premium Image 03-07-19"
      },
      "geometry": {
        "type": "LineString",
        "coordinates": [
          [
            -5.3543636,
            36.1500383
          ],
          [
            -5.3543003,
            36.1487858
          ]
        ]
      },
      "id": "way/22408301"
    },
    {
      "type": "Feature",
      "properties": {
        "@id": "way/22476488",
        "man_made": "pier",
        "name": "Muelle de Moeve (Refinería)"
      },
      "geometry": {
        "type": "LineString",
        "coordinates": [
          [
            -5.3986578,
            36.1811374
          ],
          [
            -5.398656,
            36.1811256
          ],
          [
            -5.398638,
            36.1810039
          ],
          [
            -5.3983026,
            36.1787454
          ],
          [
            -5.3980863,
            36.1770934
          ]
        ]
      },
      "id": "way/22476488"
    },
    {
      "type": "Feature",
      "properties": {
        "@id": "way/22476489",
        "man_made": "pier"
      },
      "geometry": {
        "type": "LineString",
        "coordinates": [
          [
            -5.4032173,
            36.1762382
          ],
          [
            -5.4026242,
            36.1764296
          ],
          [
            -5.401501,
            36.1767905
          ],
          [
            -5.3980863,
            36.1770934
          ],
          [
            -5.3943107,
            36.1774283
          ],
          [
            -5.3938459,
            36.1774695
          ]
        ]
      },
      "id": "way/22476489"
    },
    {
      "type": "Feature",
      "properties": {
        "@id": "way/22476490",
        "created_by": "Potlatch 0.6c",
        "man_made": "pier"
      },
      "geometry": {
        "type": "LineString",
        "coordinates": [
          [
            -5.3970478,
            36.1788623
          ],
          [
            -5.3983026,
            36.1787454
          ]
        ]
      },
      "id": "way/22476490"
    },
    {
      "type": "Feature",
      "properties": {
        "@id": "way/137335911",
        "man_made": "pier"
      },
      "geometry": {
        "type": "LineString",
        "coordinates": [
          [
            -5.353231,
            36.1500132
          ],
          [
            -5.3531152,
            36.1500163
          ]
        ]
      },
      "id": "way/137335911"
    },
    {
      "type": "Feature",
      "properties": {
        "@id": "way/137335914",
        "man_made": "pier"
      },
      "geometry": {
        "type": "LineString",
        "coordinates": [
          [
            -5.3532369,
            36.150092
          ],
          [
            -5.353231,
            36.1500132
          ],
          [
            -5.3532238,
            36.1499163
          ]
        ]
      },
      "id": "way/137335914"
    },
    {
      "type": "Feature",
      "properties": {
        "@id": "way/137335916",
        "floating": "yes",
        "layer": "1",
        "man_made": "pier",
        "source": "Digital Premium Image 03-07-19"
      },
      "geometry": {
        "type": "LineString",
        "coordinates": [
          [
            -5.3545073,
            36.1500358
          ],
          [
            -5.3543636,
            36.1500383
          ],
          [
            -5.3542215,
            36.1500407
          ]
        ]
      },
      "id": "way/137335916"
    },
    {
      "type": "Feature",
      "properties": {
        "@id": "way/143782412",
        "man_made": "pier"
      },
      "geometry": {
        "type": "LineString",
        "coordinates": [
          [
            -5.3560742,
            36.1606585
          ],
          [
            -5.3562214,
            36.1605517
          ]
        ]
      },
      "id": "way/143782412"
    },
    {
      "type": "Feature",
      "properties": {
        "@id": "way/143782413",
        "man_made": "pier",
        "name": "Club Deportivo Nautico El Saladillo"
      },
      "geometry": {
        "type": "LineString",
        "coordinates": [
          [
            -5.4402601,
            36.1210401
          ],
          [
            -5.4415352,
            36.1210107
          ]
        ]
      },
      "id": "way/143782413"
    },
    {
      "type": "Feature",
      "properties": {
        "@id": "way/143782416",
        "man_made": "pier"
      },
      "geometry": {
        "type": "LineString",
        "coordinates": [
          [
            -5.3570927,
            36.1602773
          ],
          [
            -5.357418,
            36.1609694
          ]
        ]
      },
      "id": "way/143782416"
    },
    {
      "type": "Feature",
      "properties": {
        "@id": "way/143782419",
        "man_made": "pier"
      },
      "geometry": {
        "type": "LineString",
        "coordinates": [
          [
            -5.3567066,
            36.1604242
          ],
          [
            -5.3570758,
            36.1610984
          ]
        ]
      },
      "id": "way/143782419"
    },
    {
      "type": "Feature",
      "properties": {
        "@id": "way/143782420",
        "man_made": "pier"
      },
      "geometry": {
        "type": "LineString",
        "coordinates": [
          [
            -5.3582232,
            36.1599203
          ],
          [
            -5.3585781,
            36.1605479
          ]
        ]
      },
      "id": "way/143782420"
    },
    {
      "type": "Feature",
      "properties": {
        "@id": "way/143782421",
        "man_made": "pier"
      },
      "geometry": {
        "type": "LineString",
        "coordinates": [
          [
            -5.439475,
            36.1213121
          ],
          [
            -5.4394565,
            36.1204946
          ]
        ]
      },
      "id": "way/143782421"
    },
    {
      "type": "Feature",
      "properties": {
        "@id": "way/143782422",
        "man_made": "pier",
        "name": "Club Deportivo Nautico El Saladillo"
      },
      "geometry": {
        "type": "LineString",
        "coordinates": [
          [
            -5.4402561,
            36.1207619
          ],
          [
            -5.441518,
            36.1207336
          ]
        ]
      },
      "id": "way/143782422"
    },
    {
      "type": "Feature",
      "properties": {
        "@id": "way/143782424",
        "man_made": "pier"
      },
      "geometry": {
        "type": "LineString",
        "coordinates": [
          [
            -5.4377847,
            36.1325935
          ],
          [
            -5.4370423,
            36.133037
          ]
        ]
      },
      "id": "way/143782424"
    },
    {
      "type": "Feature",
      "properties": {
        "@id": "way/143782426",
        "man_made": "pier"
      },
      "geometry": {
        "type": "LineString",
        "coordinates": [
          [
            -5.3585768,
            36.1597819
          ],
          [
            -5.3589308,
            36.1604202
          ]
        ]
      },
      "id": "way/143782426"
    },
    {
      "type": "Feature",
      "properties": {
        "@id": "way/143782427",
        "man_made": "pier"
      },
      "geometry": {
        "type": "LineString",
        "coordinates": [
          [
            -5.3578752,
            36.1600535
          ],
          [
            -5.3582269,
            36.1606752
          ]
        ]
      },
      "id": "way/143782427"
    },
    {
      "type": "Feature",
      "properties": {
        "@id": "way/143782428",
        "man_made": "pier"
      },
      "geometry": {
        "type": "LineString",
        "coordinates": [
          [
            -5.4398312,
            36.1213103
          ],
          [
            -5.4398122,
            36.1206378
          ]
        ]
      },
      "id": "way/143782428"
    },
    {
      "type": "Feature",
      "properties": {
        "@id": "way/143782434",
        "man_made": "pier"
      },
      "geometry": {
        "type": "LineString",
        "coordinates": [
          [
            -5.4437811,
            36.1377786
          ],
          [
            -5.4439662,
            36.1378047
          ]
        ]
      },
      "id": "way/143782434"
    },
    {
      "type": "Feature",
      "properties": {
        "@id": "way/143782437",
        "man_made": "pier"
      },
      "geometry": {
        "type": "LineString",
        "coordinates": [
          [
            -5.3575169,
            36.160181
          ],
          [
            -5.3578605,
            36.1608074
          ]
        ]
      },
      "id": "way/143782437"
    },
    {
      "type": "Feature",
      "properties": {
        "@id": "way/143782438",
        "man_made": "pier"
      },
      "geometry": {
        "type": "LineString",
        "coordinates": [
          [
            -5.438765,
            36.121317
          ],
          [
            -5.4387457,
            36.1205041
          ]
        ]
      },
      "id": "way/143782438"
    },
    {
      "type": "Feature",
      "properties": {
        "@id": "way/143782439",
        "man_made": "pier"
      },
      "geometry": {
        "type": "LineString",
        "coordinates": [
          [
            -5.3592934,
            36.1595832
          ],
          [
            -5.3596323,
            36.1601681
          ]
        ]
      },
      "id": "way/143782439"
    },
    {
      "type": "Feature",
      "properties": {
        "@id": "way/143782443",
        "man_made": "pier"
      },
      "geometry": {
        "type": "LineString",
        "coordinates": [
          [
            -5.4391187,
            36.1213159
          ],
          [
            -5.4391014,
            36.120497
          ]
        ]
      },
      "id": "way/143782443"
    },
    {
      "type": "Feature",
      "properties": {
        "@id": "way/143782450",
        "man_made": "pier"
      },
      "geometry": {
        "type": "LineString",
        "coordinates": [
          [
            -5.3589641,
            36.1596983
          ],
          [
            -5.3592804,
            36.1602962
          ]
        ]
      },
      "id": "way/143782450"
    },
    {
      "type": "Feature",
      "properties": {
        "@id": "way/143782451",
        "man_made": "pier"
      },
      "geometry": {
        "type": "LineString",
        "coordinates": [
          [
            -5.4380593,
            36.1213205
          ],
          [
            -5.4380291,
            36.1205076
          ]
        ]
      },
      "id": "way/143782451"
    },
    {
      "type": "Feature",
      "properties": {
        "@id": "way/143782453",
        "man_made": "pier"
      },
      "geometry": {
        "type": "LineString",
        "coordinates": [
          [
            -5.4370691,
            36.1318124
          ],
          [
            -5.4367027,
            36.1320393
          ]
        ]
      },
      "id": "way/143782453"
    },
    {
      "type": "Feature",
      "properties": {
        "@id": "way/143782454",
        "man_made": "pier"
      },
      "geometry": {
        "type": "LineString",
        "coordinates": [
          [
            -5.3564092,
            36.1605438
          ],
          [
            -5.3567541,
            36.161195
          ]
        ]
      },
      "id": "way/143782454"
    },
    {
      "type": "Feature",
      "properties": {
        "@id": "way/143782459",
        "man_made": "pier",
        "name": "Club Deportivo Nautico El Saladillo"
      },
      "geometry": {
        "type": "LineString",
        "coordinates": [
          [
            -5.4402382,
            36.1204741
          ],
          [
            -5.4415049,
            36.120444
          ]
        ]
      },
      "id": "way/143782459"
    },
    {
      "type": "Feature",
      "properties": {
        "@id": "way/143782461",
        "man_made": "pier"
      },
      "geometry": {
        "type": "LineString",
        "coordinates": [
          [
            -5.3600021,
            36.1592999
          ],
          [
            -5.3600397,
            36.1592874
          ],
          [
            -5.3603437,
            36.1599015
          ]
        ]
      },
      "id": "way/143782461"
    },
    {
      "type": "Feature",
      "properties": {
        "@id": "way/143782464",
        "man_made": "pier"
      },
      "geometry": {
        "type": "LineString",
        "coordinates": [
          [
            -5.4384305,
            36.1213186
          ],
          [
            -5.4384091,
            36.1204844
          ]
        ]
      },
      "id": "way/143782464"
    },
    {
      "type": "Feature",
      "properties": {
        "@id": "way/143782467",
        "man_made": "pier"
      },
      "geometry": {
        "type": "LineString",
        "coordinates": [
          [
            -5.3608174,
            36.1591586
          ],
          [
            -5.3609029,
            36.1593027
          ]
        ]
      },
      "id": "way/143782467"
    },
    {
      "type": "Feature",
      "properties": {
        "@id": "way/143782468",
        "man_made": "pier"
      },
      "geometry": {
        "type": "LineString",
        "coordinates": [
          [
            -5.3596566,
            36.1594472
          ],
          [
            -5.3599935,
            36.1600318
          ]
        ]
      },
      "id": "way/143782468"
    },
    {
      "type": "Feature",
      "properties": {
        "@id": "way/143782473",
        "man_made": "pier"
      },
      "geometry": {
        "type": "LineString",
        "coordinates": [
          [
            -5.3606772,
            36.159774
          ],
          [
            -5.3606097,
            36.1596559
          ],
          [
            -5.3605046,
            36.1596973
          ]
        ]
      },
      "id": "way/143782473"
    },
    {
      "type": "Feature",
      "properties": {
        "@id": "way/225892867",
        "man_made": "quay",
        "natural": "coastline",
        "source": "PGS"
      },
      "geometry": {
        "type": "LineString",
        "coordinates": [
          [
            -5.3565873,
            36.1333733
          ],
          [
            -5.3563493,
            36.1328308
          ],
          [
            -5.356339,
            36.1328177
          ],
          [
            -5.3563225,
            36.1328086
          ],
          [
            -5.3563002,
            36.1328053
          ],
          [
            -5.3562773,
            36.1328083
          ],
          [
            -5.3560507,
            36.1328747
          ],
          [
            -5.3557529,
            36.1321892
          ],
          [
            -5.3556517,
            36.1322177
          ],
          [
            -5.3559155,
            36.132828
          ],
          [
            -5.3559228,
            36.1328447
          ],
          [
            -5.3559675,
            36.1329482
          ],
          [
            -5.3560513,
            36.1331454
          ],
          [
            -5.3561579,
            36.1333955
          ],
          [
            -5.3561565,
            36.1334086
          ],
          [
            -5.3561539,
            36.1334166
          ],
          [
            -5.3561434,
            36.133427
          ],
          [
            -5.3561315,
            36.1334332
          ],
          [
            -5.3561143,
            36.1334382
          ],
          [
            -5.3552479,
            36.1336873
          ],
          [
            -5.3551187,
            36.133724
          ],
          [
            -5.3551158,
            36.1337174
          ],
          [
            -5.3551075,
            36.1336979
          ],
          [
            -5.3550464,
            36.1335563
          ],
          [
            -5.3550376,
            36.1335357
          ],
          [
            -5.3549918,
            36.1334305
          ],
          [
            -5.3549258,
            36.1334492
          ],
          [
            -5.3548915,
            36.13337
          ],
          [
            -5.3550033,
            36.1333384
          ],
          [
            -5.3550263,
            36.1333275
          ],
          [
            -5.3550381,
            36.1333103
          ],
          [
            -5.3550407,
            36.1332922
          ],
          [
            -5.3550355,
            36.1332745
          ],
          [
            -5.3548948,
            36.1329545
          ],
          [
            -5.3548869,
            36.1329399
          ],
          [
            -5.3548726,
            36.1329266
          ],
          [
            -5.3548534,
            36.1329201
          ],
          [
            -5.3548278,
            36.1329221
          ],
          [
            -5.3548235,
            36.1329122
          ],
          [
            -5.3548175,
            36.1328984
          ],
          [
            -5.3546097,
            36.13242
          ],
          [
            -5.3545997,
            36.1324041
          ],
          [
            -5.3545827,
            36.1323936
          ],
          [
            -5.3545575,
            36.1323901
          ],
          [
            -5.3545291,
            36.132398
          ],
          [
            -5.354512,
            36.132412
          ],
          [
            -5.3545062,
            36.1324313
          ],
          [
            -5.3545067,
            36.132448
          ],
          [
            -5.3547297,
            36.1329504
          ],
          [
            -5.3544536,
            36.1330298
          ],
          [
            -5.3544218,
            36.1330389
          ],
          [
            -5.3540977,
            36.1331321
          ],
          [
            -5.3540857,
            36.1331037
          ],
          [
            -5.3541719,
            36.13308
          ],
          [
            -5.3541861,
            36.1330719
          ],
          [
            -5.3541994,
            36.1330568
          ],
          [
            -5.3542084,
            36.1330385
          ],
          [
            -5.3542149,
            36.1330167
          ],
          [
            -5.3542123,
            36.1329932
          ],
          [
            -5.3539756,
            36.1324171
          ],
          [
            -5.3539636,
            36.1324022
          ],
          [
            -5.3539434,
            36.1323916
          ],
          [
            -5.3539227,
            36.1323883
          ],
          [
            -5.3538836,
            36.1323899
          ],
          [
            -5.3538783,
            36.1323779
          ],
          [
            -5.3558351,
            36.1318137
          ],
          [
            -5.3558525,
            36.1318073
          ],
          [
            -5.3558677,
            36.1317976
          ],
          [
            -5.3558765,
            36.131789
          ],
          [
            -5.3558818,
            36.1317784
          ],
          [
            -5.3558817,
            36.1317676
          ],
          [
            -5.3558782,
            36.1317567
          ],
          [
            -5.3552022,
            36.1302141
          ],
          [
            -5.3540999,
            36.1276987
          ],
          [
            -5.3541021,
            36.1276381
          ],
          [
            -5.3543531,
            36.1274821
          ],
          [
            -5.3543565,
            36.1274791
          ],
          [
            -5.3543597,
            36.1274752
          ],
          [
            -5.3543621,
            36.1274709
          ],
          [
            -5.3543631,
            36.1274665
          ],
          [
            -5.3543632,
            36.127462
          ],
          [
            -5.3543626,
            36.1274571
          ],
          [
            -5.3543608,
            36.1274528
          ],
          [
            -5.3543582,
            36.1274493
          ],
          [
            -5.3543393,
            36.1274299
          ],
          [
            -5.3543472,
            36.1274248
          ],
          [
            -5.3543018,
            36.1273779
          ],
          [
            -5.3545538,
            36.1272221
          ],
          [
            -5.3545985,
            36.1272693
          ],
          [
            -5.3546064,
            36.1272643
          ],
          [
            -5.3546255,
            36.1272841
          ],
          [
            -5.3546288,
            36.127287
          ],
          [
            -5.3546334,
            36.1272895
          ],
          [
            -5.354638,
            36.1272912
          ],
          [
            -5.3546437,
            36.1272921
          ],
          [
            -5.3546493,
            36.1272923
          ],
          [
            -5.3546551,
            36.1272917
          ],
          [
            -5.35466,
            36.1272905
          ],
          [
            -5.3546645,
            36.1272885
          ],
          [
            -5.3550511,
            36.1270482
          ],
          [
            -5.3550546,
            36.1270452
          ],
          [
            -5.3550578,
            36.1270413
          ],
          [
            -5.3550602,
            36.127037
          ],
          [
            -5.3550612,
            36.1270326
          ],
          [
            -5.3550613,
            36.1270281
          ],
          [
            -5.3550607,
            36.1270232
          ],
          [
            -5.3550589,
            36.1270189
          ],
          [
            -5.3550563,
            36.1270154
          ],
          [
            -5.3550374,
            36.126996
          ],
          [
            -5.3550453,
            36.1269909
          ],
          [
            -5.3549999,
            36.126944
          ],
          [
            -5.3552519,
            36.1267882
          ],
          [
            -5.3552966,
            36.1268354
          ],
          [
            -5.3553045,
            36.1268304
          ],
          [
            -5.3553236,
            36.1268502
          ],
          [
            -5.3553269,
            36.1268531
          ],
          [
            -5.3553315,
            36.1268556
          ],
          [
            -5.3553361,
            36.1268573
          ],
          [
            -5.3553418,
            36.1268582
          ],
          [
            -5.3553474,
            36.1268584
          ],
          [
            -5.3553532,
            36.1268578
          ],
          [
            -5.3553581,
            36.1268566
          ],
          [
            -5.3553626,
            36.1268545
          ],
          [
            -5.3557899,
            36.1265889
          ],
          [
            -5.3557934,
            36.1265859
          ],
          [
            -5.3557966,
            36.126582
          ],
          [
            -5.355799,
            36.1265777
          ],
          [
            -5.3558,
            36.1265733
          ],
          [
            -5.3558001,
            36.1265688
          ],
          [
            -5.3557995,
            36.1265639
          ],
          [
            -5.3557977,
            36.1265596
          ],
          [
            -5.3557952,
            36.126556
          ],
          [
            -5.3557173,
            36.126474
          ],
          [
            -5.356052,
            36.1262627
          ],
          [
            -5.3561324,
            36.1263474
          ],
          [
            -5.3561357,
            36.1263503
          ],
          [
            -5.3561403,
            36.1263528
          ],
          [
            -5.3561449,
            36.1263545
          ],
          [
            -5.3561506,
            36.1263554
          ],
          [
            -5.3561562,
            36.1263556
          ],
          [
            -5.356162,
            36.126355
          ],
          [
            -5.3561669,
            36.1263538
          ],
          [
            -5.3561714,
            36.1263517
          ],
          [
            -5.356604,
            36.1260827
          ],
          [
            -5.3595585,
            36.1292073
          ],
          [
            -5.3601391,
            36.1298197
          ],
          [
            -5.360145,
            36.1298162
          ],
          [
            -5.3601504,
            36.1298129
          ],
          [
            -5.3601805,
            36.1298445
          ],
          [
            -5.3601693,
            36.1298515
          ],
          [
            -5.3607765,
            36.130492
          ],
          [
            -5.360782,
            36.1304886
          ],
          [
            -5.3607874,
            36.1304853
          ],
          [
            -5.3608175,
            36.1305169
          ],
          [
            -5.3608064,
            36.1305235
          ],
          [
            -5.3613809,
            36.1311296
          ],
          [
            -5.3613863,
            36.1311261
          ],
          [
            -5.3613917,
            36.1311227
          ],
          [
            -5.3614218,
            36.1311544
          ],
          [
            -5.3614109,
            36.1311612
          ],
          [
            -5.3617179,
            36.131485
          ],
          [
            -5.3619928,
            36.131775
          ],
          [
            -5.3619981,
            36.1317718
          ],
          [
            -5.3620035,
            36.1317685
          ],
          [
            -5.3620335,
            36.1318001
          ],
          [
            -5.3620229,
            36.1318067
          ],
          [
            -5.3638104,
            36.1336922
          ],
          [
            -5.3638542,
            36.1337384
          ],
          [
            -5.3638596,
            36.1337351
          ],
          [
            -5.363865,
            36.1337318
          ],
          [
            -5.3638951,
            36.1337634
          ],
          [
            -5.3638842,
            36.1337701
          ],
          [
            -5.3639282,
            36.1338164
          ]
        ]
      },
      "id": "way/225892867"
    },
    {
      "type": "Feature",
      "properties": {
        "@id": "way/232830812",
        "man_made": "pier",
        "mooring": "private",
        "name": "Muelle 4"
      },
      "geometry": {
        "type": "LineString",
        "coordinates": [
          [
            -5.3541395,
            36.1578041
          ],
          [
            -5.3547965,
            36.1575623
          ],
          [
            -5.3550483,
            36.1574696
          ],
          [
            -5.3550744,
            36.15746
          ]
        ]
      },
      "id": "way/232830812"
    },
    {
      "type": "Feature",
      "properties": {
        "@id": "way/232830813",
        "man_made": "pier",
        "mooring": "private",
        "name": "Muelle 3"
      },
      "geometry": {
        "type": "LineString",
        "coordinates": [
          [
            -5.3539576,
            36.1574956
          ],
          [
            -5.3548819,
            36.1571609
          ],
          [
            -5.3549036,
            36.157153
          ]
        ]
      },
      "id": "way/232830813"
    },
    {
      "type": "Feature",
      "properties": {
        "@id": "way/232830814",
        "man_made": "pier",
        "mooring": "private",
        "name": "Muelle 8"
      },
      "geometry": {
        "type": "LineString",
        "coordinates": [
          [
            -5.355091,
            36.1591596
          ],
          [
            -5.3558519,
            36.1588736
          ],
          [
            -5.3558643,
            36.1588689
          ]
        ]
      },
      "id": "way/232830814"
    },
    {
      "type": "Feature",
      "properties": {
        "@id": "way/232830815",
        "man_made": "pier",
        "mooring": "private",
        "name": "Muelle 2"
      },
      "geometry": {
        "type": "LineString",
        "coordinates": [
          [
            -5.3547315,
            36.1568428
          ],
          [
            -5.3547055,
            36.1568526
          ],
          [
            -5.3537988,
            36.1571849
          ]
        ]
      },
      "id": "way/232830815"
    },
    {
      "type": "Feature",
      "properties": {
        "@id": "way/232830816",
        "man_made": "pier",
        "mooring": "private",
        "name": "Muelle 7"
      },
      "geometry": {
        "type": "LineString",
        "coordinates": [
          [
            -5.354775,
            36.1587666
          ],
          [
            -5.3556088,
            36.1584489
          ],
          [
            -5.3556273,
            36.1584418
          ]
        ]
      },
      "id": "way/232830816"
    },
    {
      "type": "Feature",
      "properties": {
        "@id": "way/232830817",
        "man_made": "pier",
        "mooring": "private",
        "name": "Muelle 9"
      },
      "geometry": {
        "type": "LineString",
        "coordinates": [
          [
            -5.3576185,
            36.1581838
          ],
          [
            -5.3562043,
            36.1587062
          ]
        ]
      },
      "id": "way/232830817"
    },
    {
      "type": "Feature",
      "properties": {
        "@id": "way/232830818",
        "man_made": "pier",
        "mooring": "private",
        "name": "Muelle 10"
      },
      "geometry": {
        "type": "LineString",
        "coordinates": [
          [
            -5.3573582,
            36.1577263
          ],
          [
            -5.355947,
            36.1582467
          ]
        ]
      },
      "id": "way/232830818"
    },
    {
      "type": "Feature",
      "properties": {
        "@id": "way/232830819",
        "man_made": "pier",
        "mooring": "private",
        "name": "Muelle 11"
      },
      "geometry": {
        "type": "LineString",
        "coordinates": [
          [
            -5.3570998,
            36.1572685
          ],
          [
            -5.3557116,
            36.157786
          ],
          [
            -5.3556994,
            36.1577905
          ]
        ]
      },
      "id": "way/232830819"
    },
    {
      "type": "Feature",
      "properties": {
        "@id": "way/232830820",
        "lit": "no",
        "man_made": "pier",
        "mooring": "private",
        "name": "Muelle 12"
      },
      "geometry": {
        "type": "LineString",
        "coordinates": [
          [
            -5.3568863,
            36.1568871
          ],
          [
            -5.3554827,
            36.1574074
          ]
        ]
      },
      "id": "way/232830820"
    },
    {
      "type": "Feature",
      "properties": {
        "@id": "way/232830821",
        "man_made": "pier",
        "mooring": "private",
        "name": "Muelle 6"
      },
      "geometry": {
        "type": "LineString",
        "coordinates": [
          [
            -5.3545142,
            36.1584092
          ],
          [
            -5.3553979,
            36.1580805
          ],
          [
            -5.3554234,
            36.158071
          ]
        ]
      },
      "id": "way/232830821"
    },
    {
      "type": "Feature",
      "properties": {
        "@id": "way/232830822",
        "man_made": "pier",
        "mooring": "private",
        "name": "Muelle 5"
      },
      "geometry": {
        "type": "LineString",
        "coordinates": [
          [
            -5.3542772,
            36.1580636
          ],
          [
            -5.3551895,
            36.1577163
          ],
          [
            -5.3552159,
            36.1577062
          ]
        ]
      },
      "id": "way/232830822"
    },
    {
      "type": "Feature",
      "properties": {
        "@id": "way/232830823",
        "man_made": "pier",
        "mooring": "yacht",
        "name": "Muelle 14"
      },
      "geometry": {
        "type": "LineString",
        "coordinates": [
          [
            -5.358763,
            36.1565025
          ],
          [
            -5.3586047,
            36.1565625
          ],
          [
            -5.3580913,
            36.1567552
          ],
          [
            -5.3574123,
            36.1570033
          ]
        ]
      },
      "id": "way/232830823"
    },
    {
      "type": "Feature",
      "properties": {
        "@id": "way/246472944",
        "man_made": "pier",
        "mooring": "yes"
      },
      "geometry": {
        "type": "LineString",
        "coordinates": [
          [
            -5.3542039,
            36.1484014
          ],
          [
            -5.3545222,
            36.1484693
          ],
          [
            -5.3545754,
            36.1483265
          ]
        ]
      },
      "id": "way/246472944"
    },
    {
      "type": "Feature",
      "properties": {
        "@id": "way/257459052",
        "man_made": "pier",
        "source": "Bing"
      },
      "geometry": {
        "type": "LineString",
        "coordinates": [
          [
            -5.3585109,
            36.1407262
          ],
          [
            -5.3582852,
            36.1407883
          ]
        ]
      },
      "id": "way/257459052"
    },
    {
      "type": "Feature",
      "properties": {
        "@id": "way/257459077",
        "man_made": "pier",
        "source": "Bing"
      },
      "geometry": {
        "type": "LineString",
        "coordinates": [
          [
            -5.3583206,
            36.1408578
          ],
          [
            -5.3582488,
            36.1408802
          ],
          [
            -5.3580251,
            36.1409588
          ]
        ]
      },
      "id": "way/257459077"
    },
    {
      "type": "Feature",
      "properties": {
        "@id": "way/257459089",
        "man_made": "pier",
        "source": "Bing"
      },
      "geometry": {
        "type": "LineString",
        "coordinates": [
          [
            -5.3583911,
            36.1409961
          ],
          [
            -5.3583857,
            36.1409854
          ],
          [
            -5.3583775,
            36.1409695
          ],
          [
            -5.3583482,
            36.140912
          ],
          [
            -5.3583206,
            36.1408578
          ],
          [
            -5.3582891,
            36.140796
          ],
          [
            -5.3582852,
            36.1407883
          ],
          [
            -5.3582785,
            36.1407752
          ]
        ]
      },
      "id": "way/257459089"
    },
    {
      "type": "Feature",
      "properties": {
        "@id": "way/257459095",
        "man_made": "pier",
        "source": "Bing"
      },
      "geometry": {
        "type": "LineString",
        "coordinates": [
          [
            -5.3585974,
            36.1409266
          ],
          [
            -5.3583857,
            36.1409854
          ]
        ]
      },
      "id": "way/257459095"
    },
    {
      "type": "Feature",
      "properties": {
        "@id": "way/257459102",
        "man_made": "pier",
        "source": "Bing"
      },
      "geometry": {
        "type": "LineString",
        "coordinates": [
          [
            -5.3583775,
            36.1409695
          ],
          [
            -5.3582947,
            36.1409949
          ],
          [
            -5.3582624,
            36.1410048
          ],
          [
            -5.3580854,
            36.1410667
          ]
        ]
      },
      "id": "way/257459102"
    },
    {
      "type": "Feature",
      "properties": {
        "@id": "way/257459126",
        "man_made": "pier",
        "source": "Bing"
      },
      "geometry": {
        "type": "LineString",
        "coordinates": [
          [
            -5.3582891,
            36.140796
          ],
          [
            -5.3582266,
            36.1408145
          ],
          [
            -5.3580961,
            36.1408532
          ]
        ]
      },
      "id": "way/257459126"
    },
    {
      "type": "Feature",
      "properties": {
        "@id": "way/257459142",
        "man_made": "pier",
        "source": "Bing"
      },
      "geometry": {
        "type": "LineString",
        "coordinates": [
          [
            -5.3583482,
            36.140912
          ],
          [
            -5.3582734,
            36.1409417
          ],
          [
            -5.3580528,
            36.1410083
          ]
        ]
      },
      "id": "way/257459142"
    },
    {
      "type": "Feature",
      "properties": {
        "@id": "way/276137803",
        "man_made": "quay",
        "natural": "coastline",
        "source": "PGS"
      },
      "geometry": {
        "type": "LineString",
        "coordinates": [
          [
            -5.3673831,
            36.1425944
          ],
          [
            -5.3673962,
            36.1425771
          ],
          [
            -5.3674032,
            36.1425605
          ],
          [
            -5.3674061,
            36.1425377
          ],
          [
            -5.3674017,
            36.1425151
          ],
          [
            -5.3673768,
            36.1424626
          ],
          [
            -5.3673638,
            36.1424311
          ],
          [
            -5.3673538,
            36.1424007
          ],
          [
            -5.3673232,
            36.1423425
          ],
          [
            -5.3673115,
            36.1423355
          ],
          [
            -5.3652704,
            36.1379616
          ],
          [
            -5.3642745,
            36.1358273
          ],
          [
            -5.3642045,
            36.1356674
          ]
        ]
      },
      "id": "way/276137803"
    },
    {
      "type": "Feature",
      "properties": {
        "@id": "way/276137805",
        "man_made": "quay",
        "natural": "coastline",
        "source": "PGS"
      },
      "geometry": {
        "type": "LineString",
        "coordinates": [
          [
            -5.3641202,
            36.135624
          ],
          [
            -5.3640938,
            36.1356232
          ],
          [
            -5.3640687,
            36.1356278
          ],
          [
            -5.3640458,
            36.1356359
          ],
          [
            -5.3640277,
            36.1356486
          ],
          [
            -5.3640167,
            36.13566
          ],
          [
            -5.3640071,
            36.1356784
          ],
          [
            -5.3640004,
            36.1357101
          ],
          [
            -5.3640082,
            36.1357444
          ],
          [
            -5.3640231,
            36.1357669
          ],
          [
            -5.3640458,
            36.1357851
          ],
          [
            -5.3640742,
            36.1357985
          ],
          [
            -5.3641114,
            36.1358052
          ],
          [
            -5.3641431,
            36.1358003
          ],
          [
            -5.3641709,
            36.1358596
          ],
          [
            -5.3656281,
            36.1390015
          ],
          [
            -5.3672407,
            36.1424645
          ],
          [
            -5.3672177,
            36.1424794
          ],
          [
            -5.3672005,
            36.1424987
          ],
          [
            -5.3671903,
            36.1425209
          ],
          [
            -5.3671877,
            36.1425446
          ],
          [
            -5.3671931,
            36.1425679
          ],
          [
            -5.3672151,
            36.1426065
          ]
        ]
      },
      "id": "way/276137805"
    },
    {
      "type": "Feature",
      "properties": {
        "@id": "way/345104658",
        "man_made": "quay",
        "natural": "coastline",
        "source": "PGS"
      },
      "geometry": {
        "type": "LineString",
        "coordinates": [
          [
            -5.3576804,
            36.1365353
          ],
          [
            -5.3575029,
            36.1365834
          ],
          [
            -5.3574982,
            36.136574
          ],
          [
            -5.3574831,
            36.136558
          ],
          [
            -5.357462,
            36.1365533
          ],
          [
            -5.357434,
            36.1365551
          ],
          [
            -5.3574013,
            36.1365646
          ],
          [
            -5.3570511,
            36.1366655
          ],
          [
            -5.3570103,
            36.1365831
          ],
          [
            -5.3569966,
            36.136574
          ],
          [
            -5.3569087,
            36.1365992
          ],
          [
            -5.3568244,
            36.1367423
          ],
          [
            -5.3568415,
            36.136789
          ],
          [
            -5.3569855,
            36.1371106
          ],
          [
            -5.3574571,
            36.1381643
          ],
          [
            -5.3575803,
            36.1381291
          ],
          [
            -5.3576312,
            36.1382392
          ],
          [
            -5.3575967,
            36.1382507
          ],
          [
            -5.3576271,
            36.1383213
          ],
          [
            -5.3576739,
            36.1384214
          ],
          [
            -5.3574473,
            36.1384887
          ],
          [
            -5.3573523,
            36.138517
          ],
          [
            -5.3567562,
            36.1386937
          ],
          [
            -5.356699,
            36.1385588
          ],
          [
            -5.3566218,
            36.138381
          ],
          [
            -5.3565387,
            36.1381841
          ],
          [
            -5.3564547,
            36.1379875
          ],
          [
            -5.3563664,
            36.1377913
          ],
          [
            -5.3562718,
            36.1375752
          ],
          [
            -5.3561593,
            36.1373048
          ],
          [
            -5.3560188,
            36.1369787
          ],
          [
            -5.3560079,
            36.1369571
          ],
          [
            -5.3559601,
            36.1369693
          ],
          [
            -5.3556766,
            36.1370501
          ],
          [
            -5.3555068,
            36.1366234
          ],
          [
            -5.355539,
            36.1366169
          ],
          [
            -5.3555651,
            36.1366087
          ],
          [
            -5.3555839,
            36.136593
          ],
          [
            -5.355594,
            36.1365806
          ],
          [
            -5.355598,
            36.1365622
          ],
          [
            -5.3555916,
            36.1365427
          ],
          [
            -5.3567547,
            36.136227
          ],
          [
            -5.3566296,
            36.1359311
          ],
          [
            -5.3553543,
            36.136278
          ],
          [
            -5.3551315,
            36.1357325
          ],
          [
            -5.3547378,
            36.1347709
          ],
          [
            -5.3545397,
            36.1342925
          ],
          [
            -5.3545293,
            36.1342685
          ],
          [
            -5.3558228,
            36.1339013
          ],
          [
            -5.355829,
            36.1338995
          ],
          [
            -5.3566351,
            36.1336533
          ]
        ]
      },
      "id": "way/345104658"
    },
    {
      "type": "Feature",
      "properties": {
        "@id": "way/428278667",
        "man_made": "quay",
        "natural": "coastline",
        "source": "PGS"
      },
      "geometry": {
        "type": "LineString",
        "coordinates": [
          [
            -5.3658738,
            36.1440475
          ],
          [
            -5.3656256,
            36.1440503
          ],
          [
            -5.3655966,
            36.1440595
          ],
          [
            -5.3655739,
            36.144074
          ],
          [
            -5.3655553,
            36.144097
          ],
          [
            -5.3655463,
            36.1441258
          ],
          [
            -5.3655469,
            36.1461793
          ],
          [
            -5.3655474,
            36.1481454
          ],
          [
            -5.365537,
            36.1481637
          ],
          [
            -5.3655184,
            36.1481731
          ],
          [
            -5.3650153,
            36.1481709
          ],
          [
            -5.3649035,
            36.1481687
          ],
          [
            -5.3648825,
            36.1481581
          ],
          [
            -5.3648735,
            36.1481436
          ],
          [
            -5.3648719,
            36.1472893
          ],
          [
            -5.3648631,
            36.1472733
          ],
          [
            -5.3648407,
            36.1472623
          ],
          [
            -5.3646294,
            36.147265
          ],
          [
            -5.3646078,
            36.1472746
          ],
          [
            -5.3645982,
            36.1472902
          ],
          [
            -5.3646021,
            36.1481452
          ],
          [
            -5.3645885,
            36.1481634
          ],
          [
            -5.3645683,
            36.1481712
          ],
          [
            -5.3641215,
            36.1481707
          ],
          [
            -5.3639581,
            36.1481705
          ],
          [
            -5.3639408,
            36.1481615
          ],
          [
            -5.3639299,
            36.1481457
          ],
          [
            -5.3639292,
            36.1472894
          ],
          [
            -5.3639177,
            36.1472741
          ],
          [
            -5.3638977,
            36.1472666
          ],
          [
            -5.3629775,
            36.1472648
          ],
          [
            -5.3629763,
            36.1450644
          ],
          [
            -5.3628367,
            36.1450661
          ],
          [
            -5.362838,
            36.1472582
          ],
          [
            -5.3627453,
            36.1472594
          ],
          [
            -5.3627179,
            36.1472678
          ],
          [
            -5.3627047,
            36.1472876
          ],
          [
            -5.362704,
            36.1481523
          ],
          [
            -5.362695,
            36.1481681
          ],
          [
            -5.3626763,
            36.1481738
          ],
          [
            -5.3620589,
            36.1481691
          ],
          [
            -5.3620331,
            36.1481584
          ],
          [
            -5.362025,
            36.1481415
          ],
          [
            -5.3620301,
            36.147296
          ],
          [
            -5.3620178,
            36.1472768
          ],
          [
            -5.3619947,
            36.1472642
          ],
          [
            -5.3617881,
            36.1472695
          ],
          [
            -5.361768,
            36.1472803
          ],
          [
            -5.3617574,
            36.1472989
          ],
          [
            -5.3617525,
            36.1481463
          ],
          [
            -5.3617402,
            36.1481651
          ],
          [
            -5.3617181,
            36.1481737
          ],
          [
            -5.3611178,
            36.1481732
          ],
          [
            -5.3610978,
            36.1481594
          ],
          [
            -5.361085,
            36.14814
          ],
          [
            -5.3610935,
            36.1471129
          ],
          [
            -5.3610907,
            36.1470924
          ],
          [
            -5.3610743,
            36.1470765
          ],
          [
            -5.3610556,
            36.1470683
          ],
          [
            -5.3610271,
            36.147049
          ],
          [
            -5.3608779,
            36.147049
          ],
          [
            -5.360855,
            36.1470692
          ],
          [
            -5.3608336,
            36.1470701
          ],
          [
            -5.360813,
            36.1470821
          ],
          [
            -5.3607987,
            36.1471009
          ],
          [
            -5.3607241,
            36.1473245
          ]
        ]
      },
      "id": "way/428278667"
    },
    {
      "type": "Feature",
      "properties": {
        "@id": "way/468813422",
        "man_made": "pier",
        "mooring": "yacht",
        "name": "Muelle 15 (Yates)"
      },
      "geometry": {
        "type": "LineString",
        "coordinates": [
          [
            -5.3581213,
            36.1577356
          ],
          [
            -5.3592245,
            36.1573187
          ]
        ]
      },
      "id": "way/468813422"
    },
    {
      "type": "Feature",
      "properties": {
        "@id": "way/483321530",
        "man_made": "pier"
      },
      "geometry": {
        "type": "LineString",
        "coordinates": [
          [
            -5.4376435,
            36.121323
          ],
          [
            -5.4376277,
            36.1206419
          ]
        ]
      },
      "id": "way/483321530"
    },
    {
      "type": "Feature",
      "properties": {
        "@id": "way/483381838",
        "man_made": "pier"
      },
      "geometry": {
        "type": "LineString",
        "coordinates": [
          [
            -5.4032173,
            36.1762382
          ],
          [
            -5.4039844,
            36.1759891
          ]
        ]
      },
      "id": "way/483381838"
    },
    {
      "type": "Feature",
      "properties": {
        "@id": "way/483388117",
        "floating": "yes",
        "man_made": "pier",
        "name": "Muelle 2"
      },
      "geometry": {
        "type": "LineString",
        "coordinates": [
          [
            -5.3887894,
            36.1796248
          ],
          [
            -5.3887196,
            36.1796146
          ],
          [
            -5.3886886,
            36.179611
          ],
          [
            -5.3886697,
            36.1796089
          ],
          [
            -5.3882499,
            36.1795607
          ]
        ]
      },
      "id": "way/483388117"
    },
    {
      "type": "Feature",
      "properties": {
        "@id": "way/483388118",
        "man_made": "pier",
        "name": "Muelle 1",
        "surface": "wood"
      },
      "geometry": {
        "type": "LineString",
        "coordinates": [
          [
            -5.388845,
            36.1794035
          ],
          [
            -5.3887715,
            36.1793919
          ],
          [
            -5.3883064,
            36.179342
          ]
        ]
      },
      "id": "way/483388118"
    },
    {
      "type": "Feature",
      "properties": {
        "@id": "way/483388123",
        "man_made": "pier",
        "mooring": "private",
        "name": "Muelle 9"
      },
      "geometry": {
        "type": "LineString",
        "coordinates": [
          [
            -5.3576699,
            36.1582753
          ],
          [
            -5.3576185,
            36.1581838
          ],
          [
            -5.3575684,
            36.1580978
          ]
        ]
      },
      "id": "way/483388123"
    },
    {
      "type": "Feature",
      "properties": {
        "@id": "way/483388124",
        "man_made": "pier",
        "mooring": "private",
        "name": "Muelle 10"
      },
      "geometry": {
        "type": "LineString",
        "coordinates": [
          [
            -5.3574121,
            36.15782
          ],
          [
            -5.3573582,
            36.1577263
          ],
          [
            -5.3573038,
            36.1576263
          ]
        ]
      },
      "id": "way/483388124"
    },
    {
      "type": "Feature",
      "properties": {
        "@id": "way/483388125",
        "man_made": "pier",
        "mooring": "private",
        "name": "Muelle 11"
      },
      "geometry": {
        "type": "LineString",
        "coordinates": [
          [
            -5.3571539,
            36.1573652
          ],
          [
            -5.3570998,
            36.1572685
          ],
          [
            -5.3570438,
            36.1571732
          ]
        ]
      },
      "id": "way/483388125"
    },
    {
      "type": "Feature",
      "properties": {
        "@id": "way/483388126",
        "man_made": "pier",
        "mooring": "private",
        "name": "Muelle 12"
      },
      "geometry": {
        "type": "LineString",
        "coordinates": [
          [
            -5.3569442,
            36.1569898
          ],
          [
            -5.3568863,
            36.1568871
          ],
          [
            -5.3568328,
            36.1567921
          ]
        ]
      },
      "id": "way/483388126"
    },
    {
      "type": "Feature",
      "properties": {
        "@id": "way/483388127",
        "man_made": "pier",
        "mooring": "yacht",
        "name": "Muelle 14"
      },
      "geometry": {
        "type": "LineString",
        "coordinates": [
          [
            -5.357506,
            36.1571699
          ],
          [
            -5.3574123,
            36.1570033
          ],
          [
            -5.3573423,
            36.1568805
          ]
        ]
      },
      "id": "way/483388127"
    },
    {
      "type": "Feature",
      "properties": {
        "@id": "way/483388128",
        "man_made": "pier",
        "mooring": "yacht",
        "name": "Muelle 15 (Yates)",
        "name:en": "Pier 15 (Yachts)",
        "name:es": "Muelle 15 (Yates)"
      },
      "geometry": {
        "type": "LineString",
        "coordinates": [
          [
            -5.3582719,
            36.1579982
          ],
          [
            -5.3581213,
            36.1577356
          ],
          [
            -5.3579818,
            36.1574958
          ]
        ]
      },
      "id": "way/483388128"
    },
    {
      "type": "Feature",
      "properties": {
        "@id": "way/483396702",
        "man_made": "pier"
      },
      "geometry": {
        "type": "LineString",
        "coordinates": [
          [
            -5.3565784,
            36.1517415
          ],
          [
            -5.3565699,
            36.1516201
          ]
        ]
      },
      "id": "way/483396702"
    },
    {
      "type": "Feature",
      "properties": {
        "@id": "way/483397951",
        "man_made": "pier"
      },
      "geometry": {
        "type": "LineString",
        "coordinates": [
          [
            -5.3532496,
            36.1503459
          ],
          [
            -5.3532472,
            36.1503049
          ],
          [
            -5.3532437,
            36.150244
          ],
          [
            -5.3532397,
            36.1501759
          ]
        ]
      },
      "id": "way/483397951"
    },
    {
      "type": "Feature",
      "properties": {
        "@id": "way/483397952",
        "man_made": "pier"
      },
      "geometry": {
        "type": "LineString",
        "coordinates": [
          [
            -5.3532437,
            36.150244
          ],
          [
            -5.3531451,
            36.1502452
          ]
        ]
      },
      "id": "way/483397952"
    },
    {
      "type": "Feature",
      "properties": {
        "@id": "way/483399764",
        "man_made": "pier"
      },
      "geometry": {
        "type": "LineString",
        "coordinates": [
          [
            -5.3582007,
            36.1395816
          ],
          [
            -5.3579711,
            36.139344
          ],
          [
            -5.3578696,
            36.1391174
          ]
        ]
      },
      "id": "way/483399764"
    },
    {
      "type": "Feature",
      "properties": {
        "@id": "way/483399769",
        "man_made": "pier"
      },
      "geometry": {
        "type": "LineString",
        "coordinates": [
          [
            -5.3572738,
            36.1384011
          ],
          [
            -5.356699,
            36.1385588
          ]
        ]
      },
      "id": "way/483399769"
    },
    {
      "type": "Feature",
      "properties": {
        "@id": "way/483399770",
        "man_made": "pier"
      },
      "geometry": {
        "type": "LineString",
        "coordinates": [
          [
            -5.3571957,
            36.138214
          ],
          [
            -5.3566218,
            36.138381
          ]
        ]
      },
      "id": "way/483399770"
    },
    {
      "type": "Feature",
      "properties": {
        "@id": "way/483399771",
        "man_made": "pier"
      },
      "geometry": {
        "type": "LineString",
        "coordinates": [
          [
            -5.3571074,
            36.1380145
          ],
          [
            -5.3565387,
            36.1381841
          ]
        ]
      },
      "id": "way/483399771"
    },
    {
      "type": "Feature",
      "properties": {
        "@id": "way/483399772",
        "man_made": "pier"
      },
      "geometry": {
        "type": "LineString",
        "coordinates": [
          [
            -5.3570242,
            36.137819
          ],
          [
            -5.3564547,
            36.1379875
          ]
        ]
      },
      "id": "way/483399772"
    },
    {
      "type": "Feature",
      "properties": {
        "@id": "way/483399773",
        "man_made": "pier"
      },
      "geometry": {
        "type": "LineString",
        "coordinates": [
          [
            -5.3569192,
            36.1376298
          ],
          [
            -5.3563664,
            36.1377913
          ]
        ]
      },
      "id": "way/483399773"
    },
    {
      "type": "Feature",
      "properties": {
        "@id": "way/483399774",
        "man_made": "pier"
      },
      "geometry": {
        "type": "LineString",
        "coordinates": [
          [
            -5.3567758,
            36.1374272
          ],
          [
            -5.3562718,
            36.1375752
          ]
        ]
      },
      "id": "way/483399774"
    },
    {
      "type": "Feature",
      "properties": {
        "@id": "way/483399775",
        "man_made": "pier"
      },
      "geometry": {
        "type": "LineString",
        "coordinates": [
          [
            -5.3566683,
            36.1371532
          ],
          [
            -5.3561593,
            36.1373048
          ]
        ]
      },
      "id": "way/483399775"
    },
    {
      "type": "Feature",
      "properties": {
        "@id": "way/483399776",
        "man_made": "pier"
      },
      "geometry": {
        "type": "LineString",
        "coordinates": [
          [
            -5.3560188,
            36.1369787
          ],
          [
            -5.3564852,
            36.136844
          ],
          [
            -5.35653,
            36.1369361
          ]
        ]
      },
      "id": "way/483399776"
    },
    {
      "type": "Feature",
      "properties": {
        "@id": "way/483399777",
        "man_made": "pier"
      },
      "geometry": {
        "type": "LineString",
        "coordinates": [
          [
            -5.3559601,
            36.1369693
          ],
          [
            -5.3558887,
            36.1367891
          ],
          [
            -5.3562996,
            36.1366759
          ]
        ]
      },
      "id": "way/483399777"
    },
    {
      "type": "Feature",
      "properties": {
        "@id": "way/483399778",
        "man_made": "pier"
      },
      "geometry": {
        "type": "LineString",
        "coordinates": [
          [
            -5.357343,
            36.1381933
          ],
          [
            -5.3574428,
            36.1381685
          ],
          [
            -5.3568385,
            36.1368006
          ],
          [
            -5.3566964,
            36.1368378
          ]
        ]
      },
      "id": "way/483399778"
    },
    {
      "type": "Feature",
      "properties": {
        "@id": "way/483399779",
        "man_made": "pier"
      },
      "geometry": {
        "type": "LineString",
        "coordinates": [
          [
            -5.3574473,
            36.1384887
          ],
          [
            -5.3574147,
            36.1384218
          ],
          [
            -5.3573225,
            36.1384497
          ],
          [
            -5.3573523,
            36.138517
          ]
        ]
      },
      "id": "way/483399779"
    },
    {
      "type": "Feature",
      "properties": {
        "@id": "way/483400103",
        "man_made": "pier"
      },
      "geometry": {
        "type": "LineString",
        "coordinates": [
          [
            -5.3563281,
            36.1354089
          ],
          [
            -5.3551315,
            36.1357325
          ]
        ]
      },
      "id": "way/483400103"
    },
    {
      "type": "Feature",
      "properties": {
        "@id": "way/483400104",
        "man_made": "pier"
      },
      "geometry": {
        "type": "LineString",
        "coordinates": [
          [
            -5.3547378,
            36.1347709
          ],
          [
            -5.3557919,
            36.1344876
          ]
        ]
      },
      "id": "way/483400104"
    },
    {
      "type": "Feature",
      "properties": {
        "@id": "way/483400105",
        "man_made": "pier"
      },
      "geometry": {
        "type": "LineString",
        "coordinates": [
          [
            -5.3559077,
            36.1347484
          ],
          [
            -5.3557919,
            36.1344876
          ],
          [
            -5.355758,
            36.1344112
          ]
        ]
      },
      "id": "way/483400105"
    },
    {
      "type": "Feature",
      "properties": {
        "@id": "way/483400106",
        "man_made": "pier"
      },
      "geometry": {
        "type": "LineString",
        "coordinates": [
          [
            -5.3545397,
            36.1342925
          ],
          [
            -5.3558369,
            36.1339298
          ],
          [
            -5.3558228,
            36.1339013
          ]
        ]
      },
      "id": "way/483400106"
    },
    {
      "type": "Feature",
      "properties": {
        "@id": "way/542415719",
        "man_made": "pier",
        "name": "Club Deportivo Nautico El Saladillo"
      },
      "geometry": {
        "type": "LineString",
        "coordinates": [
          [
            -5.4414868,
            36.1200482
          ],
          [
            -5.4402522,
            36.1200907
          ]
        ]
      },
      "id": "way/542415719"
    },
    {
      "type": "Feature",
      "properties": {
        "@id": "way/542415720",
        "man_made": "pier",
        "name": "Club Deportivo Nautico El Saladillo"
      },
      "geometry": {
        "type": "LineString",
        "coordinates": [
          [
            -5.4414041,
            36.1212379
          ],
          [
            -5.4405512,
            36.1212347
          ]
        ]
      },
      "id": "way/542415720"
    },
    {
      "type": "Feature",
      "properties": {
        "@id": "way/556133028",
        "floating": "yes",
        "man_made": "pier",
        "source": "Digital Premium Image 03-07-19"
      },
      "geometry": {
        "type": "LineString",
        "coordinates": [
          [
            -5.3609416,
            36.1406469
          ],
          [
            -5.3600956,
            36.1408922
          ]
        ]
      },
      "id": "way/556133028"
    },
    {
      "type": "Feature",
      "properties": {
        "@id": "way/556133029",
        "floating": "yes",
        "man_made": "pier",
        "source": "Digital Premium Image 03-07-19"
      },
      "geometry": {
        "type": "LineString",
        "coordinates": [
          [
            -5.3599079,
            36.1406279
          ],
          [
            -5.3608123,
            36.1403588
          ]
        ]
      },
      "id": "way/556133029"
    },
    {
      "type": "Feature",
      "properties": {
        "@id": "way/556133030",
        "floating": "yes",
        "man_made": "pier",
        "source": "Digital Premium Image 03-07-19"
      },
      "geometry": {
        "type": "LineString",
        "coordinates": [
          [
            -5.3595699,
            36.1404157
          ],
          [
            -5.3606915,
            36.1400894
          ]
        ]
      },
      "id": "way/556133030"
    },
    {
      "type": "Feature",
      "properties": {
        "@id": "way/556133031",
        "floating": "yes",
        "man_made": "pier",
        "source": "Digital Premium Image 03-07-19"
      },
      "geometry": {
        "type": "LineString",
        "coordinates": [
          [
            -5.3593822,
            36.1401557
          ],
          [
            -5.3605699,
            36.1398184
          ]
        ]
      },
      "id": "way/556133031"
    },
    {
      "type": "Feature",
      "properties": {
        "@id": "way/556133032",
        "floating": "yes",
        "man_made": "pier",
        "source": "Digital Premium Image 03-07-19"
      },
      "geometry": {
        "type": "LineString",
        "coordinates": [
          [
            -5.3591729,
            36.1399001
          ],
          [
            -5.3604382,
            36.139525
          ]
        ]
      },
      "id": "way/556133032"
    },
    {
      "type": "Feature",
      "properties": {
        "@id": "way/556133033",
        "floating": "yes",
        "man_made": "pier",
        "source": "Digital Premium Image 03-07-19"
      },
      "geometry": {
        "type": "LineString",
        "coordinates": [
          [
            -5.3590335,
            36.1396099
          ],
          [
            -5.3603074,
            36.1392334
          ]
        ]
      },
      "id": "way/556133033"
    },
    {
      "type": "Feature",
      "properties": {
        "@id": "way/556133034",
        "floating": "yes",
        "man_made": "pier",
        "source": "Digital Premium Image 03-07-19"
      },
      "geometry": {
        "type": "LineString",
        "coordinates": [
          [
            -5.3589369,
            36.1393369
          ],
          [
            -5.36016,
            36.1389817
          ]
        ]
      },
      "id": "way/556133034"
    },
    {
      "type": "Feature",
      "properties": {
        "@id": "way/556133035",
        "floating": "yes",
        "man_made": "pier",
        "source": "Digital Premium Image 03-07-19"
      },
      "geometry": {
        "type": "LineString",
        "coordinates": [
          [
            -5.3588135,
            36.1391117
          ],
          [
            -5.3600842,
            36.1387361
          ]
        ]
      },
      "id": "way/556133035"
    },
    {
      "type": "Feature",
      "properties": {
        "@id": "way/556133036",
        "floating": "yes",
        "man_made": "pier",
        "source": "Digital Premium Image 03-07-19"
      },
      "geometry": {
        "type": "LineString",
        "coordinates": [
          [
            -5.3587062,
            36.1388734
          ],
          [
            -5.3599732,
            36.1384887
          ]
        ]
      },
      "id": "way/556133036"
    },
    {
      "type": "Feature",
      "properties": {
        "@id": "way/556133037",
        "floating": "yes",
        "man_made": "pier",
        "source": "Digital Premium Image 03-07-19"
      },
      "geometry": {
        "type": "LineString",
        "coordinates": [
          [
            -5.3585936,
            36.1386308
          ],
          [
            -5.359865,
            36.1382476
          ]
        ]
      },
      "id": "way/556133037"
    },
    {
      "type": "Feature",
      "properties": {
        "@id": "way/556133038",
        "floating": "yes",
        "man_made": "pier",
        "source": "Digital Premium Image 03-07-19"
      },
      "geometry": {
        "type": "LineString",
        "coordinates": [
          [
            -5.3586097,
            36.1383492
          ],
          [
            -5.3597592,
            36.1380116
          ]
        ]
      },
      "id": "way/556133038"
    },
    {
      "type": "Feature",
      "properties": {
        "@id": "way/556133223",
        "man_made": "pier"
      },
      "geometry": {
        "type": "LineString",
        "coordinates": [
          [
            -5.3605558,
            36.1472887
          ],
          [
            -5.3606268,
            36.1470467
          ]
        ]
      },
      "id": "way/556133223"
    },
    {
      "type": "Feature",
      "properties": {
        "@id": "way/556133224",
        "man_made": "pier"
      },
      "geometry": {
        "type": "LineString",
        "coordinates": [
          [
            -5.3604843,
            36.1470335
          ],
          [
            -5.3604274,
            36.1472122
          ]
        ]
      },
      "id": "way/556133224"
    },
    {
      "type": "Feature",
      "properties": {
        "@id": "way/556133225",
        "man_made": "pier"
      },
      "geometry": {
        "type": "LineString",
        "coordinates": [
          [
            -5.3607622,
            36.146581
          ],
          [
            -5.3607601,
            36.1465021
          ]
        ]
      },
      "id": "way/556133225"
    },
    {
      "type": "Feature",
      "properties": {
        "@id": "way/556133226",
        "man_made": "pier"
      },
      "geometry": {
        "type": "LineString",
        "coordinates": [
          [
            -5.3611379,
            36.1465059
          ],
          [
            -5.3611258,
            36.1465795
          ]
        ]
      },
      "id": "way/556133226"
    },
    {
      "type": "Feature",
      "properties": {
        "@id": "way/556133227",
        "man_made": "pier"
      },
      "geometry": {
        "type": "LineString",
        "coordinates": [
          [
            -5.3605049,
            36.1465568
          ],
          [
            -5.3605205,
            36.1465606
          ],
          [
            -5.3606524,
            36.1465925
          ]
        ]
      },
      "id": "way/556133227"
    },
    {
      "type": "Feature",
      "properties": {
        "@id": "way/556133228",
        "man_made": "pier"
      },
      "geometry": {
        "type": "LineString",
        "coordinates": [
          [
            -5.3603896,
            36.1467387
          ],
          [
            -5.3603198,
            36.1466748
          ]
        ]
      },
      "id": "way/556133228"
    },
    {
      "type": "Feature",
      "properties": {
        "@id": "way/556133229",
        "man_made": "pier"
      },
      "geometry": {
        "type": "LineString",
        "coordinates": [
          [
            -5.3602675,
            36.1469012
          ],
          [
            -5.360175,
            36.1470024
          ]
        ]
      },
      "id": "way/556133229"
    },
    {
      "type": "Feature",
      "properties": {
        "@id": "way/556800292",
        "man_made": "pier"
      },
      "geometry": {
        "type": "LineString",
        "coordinates": [
          [
            -5.3532472,
            36.1503049
          ],
          [
            -5.3533804,
            36.1503066
          ]
        ]
      },
      "id": "way/556800292"
    },
    {
      "type": "Feature",
      "properties": {
        "@id": "way/556800304",
        "man_made": "pier",
        "mooring": "yes"
      },
      "geometry": {
        "type": "LineString",
        "coordinates": [
          [
            -5.3545754,
            36.1483265
          ],
          [
            -5.3545442,
            36.1483203
          ],
          [
            -5.3544953,
            36.1483106
          ],
          [
            -5.3544616,
            36.1482874
          ],
          [
            -5.3543277,
            36.1481843
          ],
          [
            -5.3540931,
            36.1480043
          ],
          [
            -5.3539959,
            36.1479283
          ],
          [
            -5.354036,
            36.1478972
          ]
        ]
      },
      "id": "way/556800304"
    },
    {
      "type": "Feature",
      "properties": {
        "@id": "way/556814052",
        "man_made": "pier"
      },
      "geometry": {
        "type": "LineString",
        "coordinates": [
          [
            -5.3577638,
            36.1391506
          ],
          [
            -5.3578092,
            36.1392388
          ]
        ]
      },
      "id": "way/556814052"
    },
    {
      "type": "Feature",
      "properties": {
        "@id": "way/556861982",
        "man_made": "pier"
      },
      "geometry": {
        "type": "LineString",
        "coordinates": [
          [
            -5.35454,
            36.1474674
          ],
          [
            -5.354463,
            36.147399
          ]
        ]
      },
      "id": "way/556861982"
    },
    {
      "type": "Feature",
      "properties": {
        "@id": "way/556861984",
        "man_made": "pier"
      },
      "geometry": {
        "type": "LineString",
        "coordinates": [
          [
            -5.3546189,
            36.1474095
          ],
          [
            -5.354543,
            36.1473416
          ]
        ]
      },
      "id": "way/556861984"
    },
    {
      "type": "Feature",
      "properties": {
        "@id": "way/556861986",
        "man_made": "pier"
      },
      "geometry": {
        "type": "LineString",
        "coordinates": [
          [
            -5.3543685,
            36.1475539
          ],
          [
            -5.3543282,
            36.1475796
          ],
          [
            -5.3542981,
            36.1475987
          ]
        ]
      },
      "id": "way/556861986"
    },
    {
      "type": "Feature",
      "properties": {
        "@id": "way/556861989",
        "man_made": "pier"
      },
      "geometry": {
        "type": "LineString",
        "coordinates": [
          [
            -5.3544053,
            36.1476481
          ],
          [
            -5.3543282,
            36.1475796
          ]
        ]
      },
      "id": "way/556861989"
    },
    {
      "type": "Feature",
      "properties": {
        "@id": "way/556861991",
        "man_made": "pier"
      },
      "geometry": {
        "type": "LineString",
        "coordinates": [
          [
            -5.3543544,
            36.1476817
          ],
          [
            -5.3542974,
            36.1476278
          ]
        ]
      },
      "id": "way/556861991"
    },
    {
      "type": "Feature",
      "properties": {
        "@id": "way/556861997",
        "man_made": "pier"
      },
      "geometry": {
        "type": "LineString",
        "coordinates": [
          [
            -5.3530434,
            36.1476932
          ],
          [
            -5.3531247,
            36.1478609
          ],
          [
            -5.3531388,
            36.1481553
          ],
          [
            -5.3530609,
            36.1484339
          ]
        ]
      },
      "id": "way/556861997"
    },
    {
      "type": "Feature",
      "properties": {
        "@id": "way/557824719",
        "man_made": "pier"
      },
      "geometry": {
        "type": "LineString",
        "coordinates": [
          [
            -5.3529581,
            36.1486304
          ],
          [
            -5.3530106,
            36.1486294
          ]
        ]
      },
      "id": "way/557824719"
    },
    {
      "type": "Feature",
      "properties": {
        "@id": "way/571348197",
        "man_made": "pier"
      },
      "geometry": {
        "type": "LineString",
        "coordinates": [
          [
            -5.4351362,
            36.1744302
          ],
          [
            -5.4351414,
            36.1744151
          ],
          [
            -5.4351483,
            36.1743953
          ],
          [
            -5.4351908,
            36.1742729
          ]
        ]
      },
      "id": "way/571348197"
    },
    {
      "type": "Feature",
      "properties": {
        "@id": "way/571348198",
        "man_made": "pier"
      },
      "geometry": {
        "type": "LineString",
        "coordinates": [
          [
            -5.4353456,
            36.1744772
          ],
          [
            -5.4353515,
            36.1744627
          ],
          [
            -5.4353581,
            36.1744465
          ],
          [
            -5.4354083,
            36.1743222
          ]
        ]
      },
      "id": "way/571348198"
    },
    {
      "type": "Feature",
      "properties": {
        "@id": "way/571348199",
        "man_made": "pier"
      },
      "geometry": {
        "type": "LineString",
        "coordinates": [
          [
            -5.4389029,
            36.1754418
          ],
          [
            -5.4389127,
            36.1754131
          ],
          [
            -5.4389152,
            36.1754021
          ],
          [
            -5.4389707,
            36.1751639
          ]
        ]
      },
      "id": "way/571348199"
    },
    {
      "type": "Feature",
      "properties": {
        "@id": "way/571348200",
        "man_made": "pier"
      },
      "geometry": {
        "type": "LineString",
        "coordinates": [
          [
            -5.4404261,
            36.1760164
          ],
          [
            -5.4404091,
            36.1760487
          ],
          [
            -5.4403937,
            36.1760778
          ],
          [
            -5.4403855,
            36.1760933
          ]
        ]
      },
      "id": "way/571348200"
    },
    {
      "type": "Feature",
      "properties": {
        "@id": "way/657270611",
        "man_made": "pier",
        "name": "Pantalán Evos Algeciras"
      },
      "geometry": {
        "type": "LineString",
        "coordinates": [
          [
            -5.4262926,
            36.1382798
          ],
          [
            -5.4258808,
            36.1382733
          ]
        ]
      },
      "id": "way/657270611"
    },
    {
      "type": "Feature",
      "properties": {
        "@id": "way/657270612",
        "man_made": "pier",
        "name": "Pantalán Evos Algeciras"
      },
      "geometry": {
        "type": "LineString",
        "coordinates": [
          [
            -5.4270625,
            36.138295
          ],
          [
            -5.4264509,
            36.138282
          ]
        ]
      },
      "id": "way/657270612"
    },
    {
      "type": "Feature",
      "properties": {
        "@id": "way/672315001",
        "man_made": "quay"
      },
      "geometry": {
        "type": "LineString",
        "coordinates": [
          [
            -5.4224896,
            36.1204706
          ],
          [
            -5.4224849,
            36.1198978
          ],
          [
            -5.4222995,
            36.1198952
          ],
          [
            -5.4224861,
            36.1251805
          ],
          [
            -5.4227614,
            36.1328426
          ],
          [
            -5.4233944,
            36.132859
          ],
          [
            -5.4285378,
            36.132979
          ],
          [
            -5.4296854,
            36.1330218
          ],
          [
            -5.4296771,
            36.1333102
          ],
          [
            -5.4300563,
            36.1333202
          ],
          [
            -5.4298462,
            36.1385991
          ],
          [
            -5.4302434,
            36.1386008
          ],
          [
            -5.4301767,
            36.1405019
          ],
          [
            -5.4300313,
            36.1404988
          ],
          [
            -5.4300226,
            36.140766
          ],
          [
            -5.430168,
            36.140769
          ],
          [
            -5.430055,
            36.1433557
          ],
          [
            -5.4299022,
            36.1433507
          ],
          [
            -5.429888,
            36.1436312
          ],
          [
            -5.4300407,
            36.1436362
          ],
          [
            -5.428187,
            36.1473491
          ],
          [
            -5.4280538,
            36.1473069
          ],
          [
            -5.427932,
            36.147574
          ],
          [
            -5.4282254,
            36.1476629
          ],
          [
            -5.4302297,
            36.1436418
          ],
          [
            -5.4306478,
            36.1330225
          ],
          [
            -5.430776,
            36.1330289
          ],
          [
            -5.4309308,
            36.1330367
          ],
          [
            -5.4310324,
            36.1323815
          ],
          [
            -5.4316553,
            36.1283627
          ],
          [
            -5.4319292,
            36.1284023
          ],
          [
            -5.4319701,
            36.1282737
          ],
          [
            -5.4319373,
            36.1280162
          ],
          [
            -5.4337223,
            36.1278295
          ],
          [
            -5.4337212,
            36.1278463
          ],
          [
            -5.4356741,
            36.1276446
          ],
          [
            -5.4370273,
            36.1275049
          ],
          [
            -5.4370268,
            36.1274927
          ],
          [
            -5.4411479,
            36.1270658
          ],
          [
            -5.4410834,
            36.1266605
          ]
        ]
      },
      "id": "way/672315001"
    },
    {
      "type": "Feature",
      "properties": {
        "@id": "way/672315009",
        "man_made": "quay"
      },
      "geometry": {
        "type": "LineString",
        "coordinates": [
          [
            -5.4364188,
            36.1197411
          ],
          [
            -5.4356685,
            36.1204052
          ]
        ]
      },
      "id": "way/672315009"
    },
    {
      "type": "Feature",
      "properties": {
        "@id": "way/803735262",
        "floating": "yes",
        "man_made": "pier"
      },
      "geometry": {
        "type": "LineString",
        "coordinates": [
          [
            -5.3589225,
            36.1401018
          ],
          [
            -5.3587985,
            36.1398086
          ]
        ]
      },
      "id": "way/803735262"
    },
    {
      "type": "Feature",
      "properties": {
        "@id": "way/925285051",
        "man_made": "pier",
        "name": "Club Deportivo Nautico El Saladillo"
      },
      "geometry": {
        "type": "LineString",
        "coordinates": [
          [
            -5.4402574,
            36.1208115
          ],
          [
            -5.4402561,
            36.1207619
          ],
          [
            -5.4402548,
            36.1207108
          ]
        ]
      },
      "id": "way/925285051"
    },
    {
      "type": "Feature",
      "properties": {
        "@id": "way/925285052",
        "man_made": "pier",
        "name": "Club Deportivo Nautico El Saladillo"
      },
      "geometry": {
        "type": "LineString",
        "coordinates": [
          [
            -5.4402601,
            36.1210948
          ],
          [
            -5.4402601,
            36.1210401
          ],
          [
            -5.4402601,
            36.1209887
          ]
        ]
      },
      "id": "way/925285052"
    },
    {
      "type": "Feature",
      "properties": {
        "@id": "way/949644841",
        "man_made": "pier"
      },
      "geometry": {
        "type": "LineString",
        "coordinates": [
          [
            -5.3565189,
            36.1359338
          ],
          [
            -5.3554527,
            36.1362273
          ],
          [
            -5.3554662,
            36.1362642
          ]
        ]
      },
      "id": "way/949644841"
    },
    {
      "type": "Feature",
      "properties": {
        "@id": "way/949669122",
        "man_made": "pier"
      },
      "geometry": {
        "type": "LineString",
        "coordinates": [
          [
            -5.3586959,
            36.1396316
          ],
          [
            -5.3584072,
            36.1397203
          ]
        ]
      },
      "id": "way/949669122"
    },
    {
      "type": "Feature",
      "properties": {
        "@id": "way/949669123",
        "man_made": "pier"
      },
      "geometry": {
        "type": "LineString",
        "coordinates": [
          [
            -5.358583,
            36.1393748
          ],
          [
            -5.358249,
            36.1394712
          ]
        ]
      },
      "id": "way/949669123"
    },
    {
      "type": "Feature",
      "properties": {
        "@id": "way/949669124",
        "man_made": "pier"
      },
      "geometry": {
        "type": "LineString",
        "coordinates": [
          [
            -5.3584876,
            36.1391579
          ],
          [
            -5.358139,
            36.1392589
          ]
        ]
      },
      "id": "way/949669124"
    },
    {
      "type": "Feature",
      "properties": {
        "@id": "way/950780423",
        "man_made": "pier"
      },
      "geometry": {
        "type": "LineString",
        "coordinates": [
          [
            -5.3547408,
            36.1483623
          ],
          [
            -5.3548017,
            36.1481434
          ]
        ]
      },
      "id": "way/950780423"
    },
    {
      "type": "Feature",
      "properties": {
        "@id": "way/1042423256",
        "floating": "yes",
        "man_made": "pier"
      },
      "geometry": {
        "type": "LineString",
        "coordinates": [
          [
            -5.3532112,
            36.1498398
          ],
          [
            -5.3531624,
            36.1495394
          ],
          [
            -5.3531222,
            36.1495442
          ],
          [
            -5.3530106,
            36.1486294
          ]
        ]
      },
      "id": "way/1042423256"
    },
    {
      "type": "Feature",
      "properties": {
        "@id": "way/1153057367",
        "floating": "yes",
        "lit": "no",
        "man_made": "pier",
        "name": "Muelle 2B"
      },
      "geometry": {
        "type": "LineString",
        "coordinates": [
          [
            -5.3886697,
            36.1796089
          ],
          [
            -5.3886371,
            36.1797578
          ]
        ]
      },
      "id": "way/1153057367"
    },
    {
      "type": "Feature",
      "properties": {
        "@id": "way/1153445887",
        "man_made": "pier",
        "name": "Muelle 13"
      },
      "geometry": {
        "type": "LineString",
        "coordinates": [
          [
            -5.3552641,
            36.1570373
          ],
          [
            -5.3553938,
            36.156991
          ],
          [
            -5.3584106,
            36.1558741
          ]
        ]
      },
      "id": "way/1153445887"
    },
    {
      "type": "Feature",
      "properties": {
        "@id": "way/1216174341",
        "floating": "yes",
        "layer": "1",
        "man_made": "pier",
        "mooring": "yes",
        "source": "Digital Premium Image 03-07-19"
      },
      "geometry": {
        "type": "LineString",
        "coordinates": [
          [
            -5.3537574,
            36.1500536
          ],
          [
            -5.3536779,
            36.1486554
          ]
        ]
      },
      "id": "way/1216174341"
    },
    {
      "type": "Feature",
      "properties": {
        "@id": "way/1216174342",
        "floating": "yes",
        "layer": "1",
        "man_made": "pier",
        "source": "Digital Premium Image 03-07-19"
      },
      "geometry": {
        "type": "LineString",
        "coordinates": [
          [
            -5.3539022,
            36.1500491
          ],
          [
            -5.3537574,
            36.1500536
          ],
          [
            -5.3536459,
            36.1500605
          ]
        ]
      },
      "id": "way/1216174342"
    },
    {
      "type": "Feature",
      "properties": {
        "@id": "way/1216174343",
        "floating": "yes",
        "layer": "1",
        "man_made": "pier",
        "source": "Digital Premium Image 03-07-19"
      },
      "geometry": {
        "type": "LineString",
        "coordinates": [
          [
            -5.355695,
            36.1499709
          ],
          [
            -5.3555513,
            36.1499722
          ],
          [
            -5.3554106,
            36.1499701
          ]
        ]
      },
      "id": "way/1216174343"
    },
    {
      "type": "Feature",
      "properties": {
        "@id": "way/1216174344",
        "floating": "yes",
        "layer": "1",
        "man_made": "pier",
        "source": "Digital Premium Image 03-07-19"
      },
      "geometry": {
        "type": "LineString",
        "coordinates": [
          [
            -5.3562202,
            36.1499629
          ],
          [
            -5.3560892,
            36.1499654
          ],
          [
            -5.3559471,
            36.1499678
          ]
        ]
      },
      "id": "way/1216174344"
    },
    {
      "type": "Feature",
      "properties": {
        "@id": "way/1216174345",
        "floating": "yes",
        "layer": "1",
        "man_made": "pier",
        "mooring": "yes",
        "source": "Digital Premium Image 03-07-19"
      },
      "geometry": {
        "type": "LineString",
        "coordinates": [
          [
            -5.3562202,
            36.1499629
          ],
          [
            -5.356218,
            36.1498793
          ]
        ]
      },
      "id": "way/1216174345"
    },
    {
      "type": "Feature",
      "properties": {
        "@id": "way/1216174346",
        "floating": "yes",
        "layer": "1",
        "man_made": "pier",
        "mooring": "yes",
        "source": "Digital Premium Image 03-07-19"
      },
      "geometry": {
        "type": "LineString",
        "coordinates": [
          [
            -5.355695,
            36.1499709
          ],
          [
            -5.3556933,
            36.1499154
          ],
          [
            -5.3556922,
            36.1498847
          ]
        ]
      },
      "id": "way/1216174346"
    },
    {
      "type": "Feature",
      "properties": {
        "@id": "way/1216175776",
        "floating": "yes",
        "layer": "1",
        "man_made": "pier",
        "mooring": "yes",
        "source": "Digital Premium Image 03-07-19"
      },
      "geometry": {
        "type": "LineString",
        "coordinates": [
          [
            -5.3552738,
            36.1488678
          ],
          [
            -5.3554104,
            36.1484702
          ]
        ]
      },
      "id": "way/1216175776"
    },
    {
      "type": "Feature",
      "properties": {
        "@id": "way/1216175777",
        "floating": "yes",
        "layer": "1",
        "man_made": "pier",
        "source": "Digital Premium Image 03-07-19"
      },
      "geometry": {
        "type": "LineString",
        "coordinates": [
          [
            -5.3556221,
            36.1485158
          ],
          [
            -5.3554104,
            36.1484702
          ],
          [
            -5.3552307,
            36.1484334
          ]
        ]
      },
      "id": "way/1216175777"
    },
    {
      "type": "Feature",
      "properties": {
        "@id": "way/1216175778",
        "floating": "yes",
        "layer": "1",
        "man_made": "pier",
        "source": "Digital Premium Image 03-07-19"
      },
      "geometry": {
        "type": "LineString",
        "coordinates": [
          [
            -5.3549716,
            36.1481764
          ],
          [
            -5.3547661,
            36.1481367
          ],
          [
            -5.3545442,
            36.1483203
          ]
        ]
      },
      "id": "way/1216175778"
    },
    {
      "type": "Feature",
      "properties": {
        "@id": "way/1216176023",
        "floating": "yes",
        "layer": "1",
        "man_made": "pier",
        "source": "Digital Premium Image 03-07-19"
      },
      "geometry": {
        "type": "LineString",
        "coordinates": [
          [
            -5.3552738,
            36.1488678
          ],
          [
            -5.3550583,
            36.1488229
          ],
          [
            -5.3550151,
            36.1488138
          ],
          [
            -5.3547861,
            36.1487655
          ],
          [
            -5.3548968,
            36.1483931
          ],
          [
            -5.3547408,
            36.1483623
          ]
        ]
      },
      "id": "way/1216176023"
    },
    {
      "type": "Feature",
      "properties": {
        "@id": "way/1238426190",
        "floating": "yes",
        "man_made": "pier"
      },
      "geometry": {
        "type": "LineString",
        "coordinates": [
          [
            -5.3575604,
            36.1498656
          ],
          [
            -5.356218,
            36.1498793
          ],
          [
            -5.3556922,
            36.1498847
          ],
          [
            -5.3551153,
            36.1498906
          ],
          [
            -5.3549057,
            36.1498927
          ]
        ]
      },
      "id": "way/1238426190"
    },
    {
      "type": "Feature",
      "properties": {
        "@id": "way/1238426191",
        "floating": "yes",
        "man_made": "pier"
      },
      "geometry": {
        "type": "LineString",
        "coordinates": [
          [
            -5.3551153,
            36.1498906
          ],
          [
            -5.3551076,
            36.1490308
          ],
          [
            -5.3549447,
            36.1489931
          ],
          [
            -5.3549602,
            36.1489281
          ],
          [
            -5.3549645,
            36.1489136
          ]
        ]
      },
      "id": "way/1238426191"
    },
    {
      "type": "Feature",
      "properties": {
        "@id": "way/1238426192",
        "floating": "yes",
        "man_made": "pier"
      },
      "geometry": {
        "type": "LineString",
        "coordinates": [
          [
            -5.3549602,
            36.1489281
          ],
          [
            -5.3543003,
            36.1487858
          ],
          [
            -5.3536779,
            36.1486554
          ],
          [
            -5.3531257,
            36.1485396
          ],
          [
            -5.3531305,
            36.1485207
          ]
        ]
      },
      "id": "way/1238426192"
    },
    {
      "type": "Feature",
      "properties": {
        "@id": "way/1238426198",
        "floating": "yes",
        "man_made": "pier"
      },
      "geometry": {
        "type": "LineString",
        "coordinates": [
          [
            -5.3550033,
            36.1488474
          ],
          [
            -5.3550151,
            36.1488138
          ]
        ]
      },
      "id": "way/1238426198"
    },
    {
      "type": "Feature",
      "properties": {
        "@id": "way/1302764619",
        "man_made": "quay",
        "natural": "coastline",
        "source": "PGS"
      },
      "geometry": {
        "type": "LineString",
        "coordinates": [
          [
            -5.3642045,
            36.1356674
          ],
          [
            -5.3641888,
            36.1356503
          ],
          [
            -5.364175,
            36.1356383
          ],
          [
            -5.3641542,
            36.1356301
          ],
          [
            -5.3641202,
            36.135624
          ]
        ]
      },
      "id": "way/1302764619"
    },
    {
      "type": "Feature",
      "properties": {
        "@id": "way/1302764621",
        "man_made": "quay",
        "natural": "coastline",
        "source": "PGS"
      },
      "geometry": {
        "type": "LineString",
        "coordinates": [
          [
            -5.3672151,
            36.1426065
          ],
          [
            -5.3672256,
            36.1426071
          ],
          [
            -5.3672502,
            36.14262
          ],
          [
            -5.3672783,
            36.1426272
          ],
          [
            -5.3673077,
            36.142628
          ],
          [
            -5.3673363,
            36.1426225
          ],
          [
            -5.3673621,
            36.142611
          ],
          [
            -5.3673831,
            36.1425944
          ]
        ]
      },
      "id": "way/1302764621"
    },
    {
      "type": "Feature",
      "properties": {
        "@id": "way/1302764622",
        "man_made": "quay",
        "natural": "coastline",
        "source": "PGS"
      },
      "geometry": {
        "type": "LineString",
        "coordinates": [
          [
            -5.3659556,
            36.1484838
          ],
          [
            -5.3659558,
            36.1483468
          ],
          [
            -5.3659583,
            36.1461858
          ],
          [
            -5.3659608,
            36.144127
          ],
          [
            -5.3659527,
            36.1440965
          ],
          [
            -5.3659327,
            36.144073
          ],
          [
            -5.3659041,
            36.1440573
          ],
          [
            -5.3658738,
            36.1440475
          ]
        ]
      },
      "id": "way/1302764622"
    },
    {
      "type": "Feature",
      "properties": {
        "@id": "way/1311043381",
        "man_made": "pier",
        "mooring": "private",
        "name": "Muelle 1 (Boat House Experience)"
      },
      "geometry": {
        "type": "LineString",
        "coordinates": [
          [
            -5.3543973,
            36.1564293
          ],
          [
            -5.3544251,
            36.1564821
          ],
          [
            -5.3544502,
            36.1565274
          ],
          [
            -5.3543403,
            36.1565684
          ],
          [
            -5.354243,
            36.1566047
          ],
          [
            -5.3541476,
            36.1566403
          ],
          [
            -5.3540528,
            36.1566756
          ],
          [
            -5.3539548,
            36.1567122
          ],
          [
            -5.3538543,
            36.1567496
          ],
          [
            -5.3537574,
            36.1567858
          ],
          [
            -5.3536626,
            36.1568211
          ],
          [
            -5.353565,
            36.1568575
          ],
          [
            -5.3534655,
            36.1568947
          ],
          [
            -5.3533672,
            36.1569313
          ],
          [
            -5.3533565,
            36.1569353
          ]
        ]
      },
      "id": "way/1311043381"
    },
    {
      "type": "Feature",
      "properties": {
        "@id": "way/1312242536",
        "man_made": "quay",
        "name": "Muelle Norte"
      },
      "geometry": {
        "type": "LineString",
        "coordinates": [
          [
            -5.4301998,
            36.1329289
          ],
          [
            -5.4228667,
            36.1327493
          ]
        ]
      },
      "id": "way/1312242536"
    },
    {
      "type": "Feature",
      "properties": {
        "@id": "way/1312242537",
        "man_made": "quay",
        "name": "Muelle Este"
      },
      "geometry": {
        "type": "LineString",
        "coordinates": [
          [
            -5.4228667,
            36.1327493
          ],
          [
            -5.4223933,
            36.1200093
          ]
        ]
      },
      "id": "way/1312242537"
    },
    {
      "type": "Feature",
      "properties": {
        "@id": "way/1312242539",
        "man_made": "quay",
        "name": "Muelle Juan Carlos I (Norte)"
      },
      "geometry": {
        "type": "LineString",
        "coordinates": [
          [
            -5.4359776,
            36.1483235
          ],
          [
            -5.4405249,
            36.1484647
          ]
        ]
      },
      "id": "way/1312242539"
    },
    {
      "type": "Feature",
      "properties": {
        "@id": "way/1312400774",
        "man_made": "quay",
        "name": "Muelle de Campamento Norte"
      },
      "geometry": {
        "type": "LineString",
        "coordinates": [
          [
            -5.3831668,
            36.1718621
          ],
          [
            -5.3777197,
            36.1723365
          ],
          [
            -5.3777286,
            36.1723973
          ],
          [
            -5.3777475,
            36.1725284
          ],
          [
            -5.3777069,
            36.1725579
          ],
          [
            -5.3773176,
            36.172594
          ]
        ]
      },
      "id": "way/1312400774"
    },
    {
      "type": "Feature",
      "properties": {
        "@id": "way/1335589306",
        "man_made": "pier"
      },
      "geometry": {
        "type": "LineString",
        "coordinates": [
          [
            -5.3555681,
            36.1328828
          ],
          [
            -5.3555344,
            36.1328071
          ]
        ]
      },
      "id": "way/1335589306"
    },
    {
      "type": "Feature",
      "properties": {
        "@id": "way/1335589307",
        "man_made": "pier"
      },
      "geometry": {
        "type": "LineString",
        "coordinates": [
          [
            -5.3557636,
            36.1328271
          ],
          [
            -5.3557306,
            36.1327518
          ]
        ]
      },
      "id": "way/1335589307"
    },
    {
      "type": "Feature",
      "properties": {
        "@id": "way/1335589308",
        "man_made": "pier"
      },
      "geometry": {
        "type": "LineString",
        "coordinates": [
          [
            -5.3556689,
            36.132853
          ],
          [
            -5.3556354,
            36.1327786
          ]
        ]
      },
      "id": "way/1335589308"
    },
    {
      "type": "Feature",
      "properties": {
        "@id": "way/1335589309",
        "man_made": "pier"
      },
      "geometry": {
        "type": "LineString",
        "coordinates": [
          [
            -5.3553208,
            36.1326552
          ],
          [
            -5.3554107,
            36.1326293
          ]
        ]
      },
      "id": "way/1335589309"
    },
    {
      "type": "Feature",
      "properties": {
        "@id": "way/1335589310",
        "man_made": "pier"
      },
      "geometry": {
        "type": "LineString",
        "coordinates": [
          [
            -5.3553825,
            36.1328101
          ],
          [
            -5.3554772,
            36.1327833
          ]
        ]
      },
      "id": "way/1335589310"
    },
    {
      "type": "Feature",
      "properties": {
        "@id": "way/1335589311",
        "man_made": "pier"
      },
      "geometry": {
        "type": "LineString",
        "coordinates": [
          [
            -5.3553602,
            36.1327759
          ],
          [
            -5.3554614,
            36.1327466
          ]
        ]
      },
      "id": "way/1335589311"
    },
    {
      "type": "Feature",
      "properties": {
        "@id": "way/1335589312",
        "man_made": "pier"
      },
      "geometry": {
        "type": "LineString",
        "coordinates": [
          [
            -5.3553511,
            36.1327325
          ],
          [
            -5.3554439,
            36.1327061
          ]
        ]
      },
      "id": "way/1335589312"
    },
    {
      "type": "Feature",
      "properties": {
        "@id": "way/1352751168",
        "man_made": "pier"
      },
      "geometry": {
        "type": "LineString",
        "coordinates": [
          [
            -5.3534655,
            36.1568947
          ],
          [
            -5.3535116,
            36.1569767
          ]
        ]
      },
      "id": "way/1352751168"
    },
    {
      "type": "Feature",
      "properties": {
        "@id": "way/1352751169",
        "man_made": "pier"
      },
      "geometry": {
        "type": "LineString",
        "coordinates": [
          [
            -5.3533672,
            36.1569313
          ],
          [
            -5.3534115,
            36.1570097
          ]
        ]
      },
      "id": "way/1352751169"
    },
    {
      "type": "Feature",
      "properties": {
        "@id": "way/1352751170",
        "man_made": "pier",
        "name": "Boat House 2"
      },
      "geometry": {
        "type": "LineString",
        "coordinates": [
          [
            -5.3543403,
            36.1565684
          ],
          [
            -5.3543882,
            36.1566521
          ]
        ]
      },
      "id": "way/1352751170"
    },
    {
      "type": "Feature",
      "properties": {
        "@id": "way/1352751171",
        "man_made": "pier",
        "name": "Boat House 3"
      },
      "geometry": {
        "type": "LineString",
        "coordinates": [
          [
            -5.354243,
            36.1566047
          ],
          [
            -5.3542888,
            36.1566869
          ]
        ]
      },
      "id": "way/1352751171"
    },
    {
      "type": "Feature",
      "properties": {
        "@id": "way/1352751172",
        "man_made": "pier",
        "name": "Boat House 4"
      },
      "geometry": {
        "type": "LineString",
        "coordinates": [
          [
            -5.3541476,
            36.1566403
          ],
          [
            -5.354191,
            36.1567211
          ]
        ]
      },
      "id": "way/1352751172"
    },
    {
      "type": "Feature",
      "properties": {
        "@id": "way/1352751173",
        "man_made": "pier",
        "name": "Boat House 5"
      },
      "geometry": {
        "type": "LineString",
        "coordinates": [
          [
            -5.3540528,
            36.1566756
          ],
          [
            -5.354097,
            36.1567566
          ]
        ]
      },
      "id": "way/1352751173"
    },
    {
      "type": "Feature",
      "properties": {
        "@id": "way/1352751174",
        "man_made": "pier",
        "name": "Boat House 6"
      },
      "geometry": {
        "type": "LineString",
        "coordinates": [
          [
            -5.3539548,
            36.1567122
          ],
          [
            -5.3539938,
            36.1567901
          ]
        ]
      },
      "id": "way/1352751174"
    },
    {
      "type": "Feature",
      "properties": {
        "@id": "way/1352751175",
        "man_made": "pier",
        "name": "Boat House 7"
      },
      "geometry": {
        "type": "LineString",
        "coordinates": [
          [
            -5.3538543,
            36.1567496
          ],
          [
            -5.3539006,
            36.1568331
          ]
        ]
      },
      "id": "way/1352751175"
    },
    {
      "type": "Feature",
      "properties": {
        "@id": "way/1352751176",
        "man_made": "pier",
        "name": "Boat House 8"
      },
      "geometry": {
        "type": "LineString",
        "coordinates": [
          [
            -5.3537574,
            36.1567858
          ],
          [
            -5.353802,
            36.1568666
          ]
        ]
      },
      "id": "way/1352751176"
    },
    {
      "type": "Feature",
      "properties": {
        "@id": "way/1352751177",
        "man_made": "pier",
        "name": "Boat House 9"
      },
      "geometry": {
        "type": "LineString",
        "coordinates": [
          [
            -5.3536626,
            36.1568211
          ],
          [
            -5.353705,
            36.156904
          ]
        ]
      },
      "id": "way/1352751177"
    },
    {
      "type": "Feature",
      "properties": {
        "@id": "way/1352751178",
        "man_made": "pier",
        "name": "Boat House 10"
      },
      "geometry": {
        "type": "LineString",
        "coordinates": [
          [
            -5.353565,
            36.1568575
          ],
          [
            -5.3536095,
            36.1569382
          ]
        ]
      },
      "id": "way/1352751178"
    },
    {
      "type": "Feature",
      "properties": {
        "@id": "way/1352751179",
        "man_made": "pier",
        "name": "Boat House 1"
      },
      "geometry": {
        "type": "LineString",
        "coordinates": [
          [
            -5.3544502,
            36.1565274
          ],
          [
            -5.354464,
            36.156523
          ],
          [
            -5.354491,
            36.1565771
          ]
        ]
      },
      "id": "way/1352751179"
    },
    {
      "type": "Feature",
      "properties": {
        "@id": "way/1480413439",
        "floating": "yes",
        "man_made": "pier"
      },
      "geometry": {
        "type": "LineString",
        "coordinates": [
          [
            -5.3578587,
            36.1490157
          ],
          [
            -5.3578536,
            36.1490323
          ],
          [
            -5.3571658,
            36.1488945
          ],
          [
            -5.3571709,
            36.1488781
          ]
        ]
      },
      "id": "way/1480413439"
    },
    {
      "type": "Feature",
      "properties": {
        "@id": "way/1480423956",
        "floating": "yes",
        "man_made": "pier"
      },
      "geometry": {
        "type": "LineString",
        "coordinates": [
          [
            -5.3549058,
            36.1474047
          ],
          [
            -5.3549615,
            36.1473623
          ]
        ]
      },
      "id": "way/1480423956"
    }
  ]
}